Id,Label,pixel 0,pixel 1,pixel 2,pixel 3,pixel 4,pixel 5,pixel 6,pixel 7,pixel 8,pixel 9,pixel 10,pixel 11,pixel 12,pixel 13,pixel 14,pixel 15,pixel 16,pixel 17,pixel 18,pixel 19,pixel 20,pixel 21,pixel 22,pixel 23,pixel 24,pixel 25,pixel 26,pixel 27,pixel 28,pixel 29,pixel 30,pixel 31,pixel 32,pixel 33,pixel 34,pixel 35,pixel 36,pixel 37,pixel 38,pixel 39,pixel 40,pixel 41,pixel 42,pixel 43,pixel 44,pixel 45,pixel 46,pixel 47,pixel 48,pixel 49,pixel 50,pixel 51,pixel 52,pixel 53,pixel 54,pixel 55,pixel 56,pixel 57,pixel 58,pixel 59,pixel 60,pixel 61,pixel 62,pixel 63,pixel 64,pixel 65,pixel 66,pixel 67,pixel 68,pixel 69,pixel 70,pixel 71,pixel 72,pixel 73,pixel 74,pixel 75,pixel 76,pixel 77,pixel 78,pixel 79,pixel 80,pixel 81,pixel 82,pixel 83,pixel 84,pixel 85,pixel 86,pixel 87,pixel 88,pixel 89,pixel 90,pixel 91,pixel 92,pixel 93,pixel 94,pixel 95,pixel 96,pixel 97,pixel 98,pixel 99,pixel 100,pixel 101,pixel 102,pixel 103,pixel 104,pixel 105,pixel 106,pixel 107,pixel 108,pixel 109,pixel 110,pixel 111,pixel 112,pixel 113,pixel 114,pixel 115,pixel 116,pixel 117,pixel 118,pixel 119,pixel 120,pixel 121,pixel 122,pixel 123,pixel 124,pixel 125,pixel 126,pixel 127,pixel 128,pixel 129,pixel 130,pixel 131,pixel 132,pixel 133,pixel 134,pixel 135,pixel 136,pixel 137,pixel 138,pixel 139,pixel 140,pixel 141,pixel 142,pixel 143,pixel 144,pixel 145,pixel 146,pixel 147,pixel 148,pixel 149,pixel 150,pixel 151,pixel 152,pixel 153,pixel 154,pixel 155,pixel 156,pixel 157,pixel 158,pixel 159,pixel 160,pixel 161,pixel 162,pixel 163,pixel 164,pixel 165,pixel 166,pixel 167,pixel 168,pixel 169,pixel 170,pixel 171,pixel 172,pixel 173,pixel 174,pixel 175,pixel 176,pixel 177,pixel 178,pixel 179,pixel 180,pixel 181,pixel 182,pixel 183,pixel 184,pixel 185,pixel 186,pixel 187,pixel 188,pixel 189,pixel 190,pixel 191,pixel 192,pixel 193,pixel 194,pixel 195,pixel 196,pixel 197,pixel 198,pixel 199,pixel 200,pixel 201,pixel 202,pixel 203,pixel 204,pixel 205,pixel 206,pixel 207,pixel 208,pixel 209,pixel 210,pixel 211,pixel 212,pixel 213,pixel 214,pixel 215,pixel 216,pixel 217,pixel 218,pixel 219,pixel 220,pixel 221,pixel 222,pixel 223,pixel 224,pixel 225,pixel 226,pixel 227,pixel 228,pixel 229,pixel 230,pixel 231,pixel 232,pixel 233,pixel 234,pixel 235,pixel 236,pixel 237,pixel 238,pixel 239,pixel 240,pixel 241,pixel 242,pixel 243,pixel 244,pixel 245,pixel 246,pixel 247,pixel 248,pixel 249,pixel 250,pixel 251,pixel 252,pixel 253,pixel 254,pixel 255,pixel 256,pixel 257,pixel 258,pixel 259,pixel 260,pixel 261,pixel 262,pixel 263,pixel 264,pixel 265,pixel 266,pixel 267,pixel 268,pixel 269,pixel 270,pixel 271,pixel 272,pixel 273,pixel 274,pixel 275,pixel 276,pixel 277,pixel 278,pixel 279,pixel 280,pixel 281,pixel 282,pixel 283,pixel 284,pixel 285,pixel 286,pixel 287,pixel 288,pixel 289,pixel 290,pixel 291,pixel 292,pixel 293,pixel 294,pixel 295,pixel 296,pixel 297,pixel 298,pixel 299,pixel 300,pixel 301,pixel 302,pixel 303,pixel 304,pixel 305,pixel 306,pixel 307,pixel 308,pixel 309,pixel 310,pixel 311,pixel 312,pixel 313,pixel 314,pixel 315,pixel 316,pixel 317,pixel 318,pixel 319,pixel 320,pixel 321,pixel 322,pixel 323,pixel 324,pixel 325,pixel 326,pixel 327,pixel 328,pixel 329,pixel 330,pixel 331,pixel 332,pixel 333,pixel 334,pixel 335,pixel 336,pixel 337,pixel 338,pixel 339,pixel 340,pixel 341,pixel 342,pixel 343,pixel 344,pixel 345,pixel 346,pixel 347,pixel 348,pixel 349,pixel 350,pixel 351,pixel 352,pixel 353,pixel 354,pixel 355,pixel 356,pixel 357,pixel 358,pixel 359,pixel 360,pixel 361,pixel 362,pixel 363,pixel 364,pixel 365,pixel 366,pixel 367,pixel 368,pixel 369,pixel 370,pixel 371,pixel 372,pixel 373,pixel 374,pixel 375,pixel 376,pixel 377,pixel 378,pixel 379,pixel 380,pixel 381,pixel 382,pixel 383,pixel 384,pixel 385,pixel 386,pixel 387,pixel 388,pixel 389,pixel 390,pixel 391,pixel 392,pixel 393,pixel 394,pixel 395,pixel 396,pixel 397,pixel 398,pixel 399,pixel 400,pixel 401,pixel 402,pixel 403,pixel 404,pixel 405,pixel 406,pixel 407,pixel 408,pixel 409,pixel 410,pixel 411,pixel 412,pixel 413,pixel 414,pixel 415,pixel 416,pixel 417,pixel 418,pixel 419,pixel 420,pixel 421,pixel 422,pixel 423,pixel 424,pixel 425,pixel 426,pixel 427,pixel 428,pixel 429,pixel 430,pixel 431,pixel 432,pixel 433,pixel 434,pixel 435,pixel 436,pixel 437,pixel 438,pixel 439,pixel 440,pixel 441,pixel 442,pixel 443,pixel 444,pixel 445,pixel 446,pixel 447,pixel 448,pixel 449,pixel 450,pixel 451,pixel 452,pixel 453,pixel 454,pixel 455,pixel 456,pixel 457,pixel 458,pixel 459,pixel 460,pixel 461,pixel 462,pixel 463,pixel 464,pixel 465,pixel 466,pixel 467,pixel 468,pixel 469,pixel 470,pixel 471,pixel 472,pixel 473,pixel 474,pixel 475,pixel 476,pixel 477,pixel 478,pixel 479,pixel 480,pixel 481,pixel 482,pixel 483,pixel 484,pixel 485,pixel 486,pixel 487,pixel 488,pixel 489,pixel 490,pixel 491,pixel 492,pixel 493,pixel 494,pixel 495,pixel 496,pixel 497,pixel 498,pixel 499,pixel 500,pixel 501,pixel 502,pixel 503,pixel 504,pixel 505,pixel 506,pixel 507,pixel 508,pixel 509,pixel 510,pixel 511,pixel 512,pixel 513,pixel 514,pixel 515,pixel 516,pixel 517,pixel 518,pixel 519,pixel 520,pixel 521,pixel 522,pixel 523,pixel 524,pixel 525,pixel 526,pixel 527,pixel 528,pixel 529,pixel 530,pixel 531,pixel 532,pixel 533,pixel 534,pixel 535,pixel 536,pixel 537,pixel 538,pixel 539,pixel 540,pixel 541,pixel 542,pixel 543,pixel 544,pixel 545,pixel 546,pixel 547,pixel 548,pixel 549,pixel 550,pixel 551,pixel 552,pixel 553,pixel 554,pixel 555,pixel 556,pixel 557,pixel 558,pixel 559,pixel 560,pixel 561,pixel 562,pixel 563,pixel 564,pixel 565,pixel 566,pixel 567,pixel 568,pixel 569,pixel 570,pixel 571,pixel 572,pixel 573,pixel 574,pixel 575,pixel 576,pixel 577,pixel 578,pixel 579,pixel 580,pixel 581,pixel 582,pixel 583,pixel 584,pixel 585,pixel 586,pixel 587,pixel 588,pixel 589,pixel 590,pixel 591,pixel 592,pixel 593,pixel 594,pixel 595,pixel 596,pixel 597,pixel 598,pixel 599,pixel 600,pixel 601,pixel 602,pixel 603,pixel 604,pixel 605,pixel 606,pixel 607,pixel 608,pixel 609,pixel 610,pixel 611,pixel 612,pixel 613,pixel 614,pixel 615,pixel 616,pixel 617,pixel 618,pixel 619,pixel 620,pixel 621,pixel 622,pixel 623,pixel 624,pixel 625,pixel 626,pixel 627,pixel 628,pixel 629,pixel 630,pixel 631,pixel 632,pixel 633,pixel 634,pixel 635,pixel 636,pixel 637,pixel 638,pixel 639,pixel 640,pixel 641,pixel 642,pixel 643,pixel 644,pixel 645,pixel 646,pixel 647,pixel 648,pixel 649,pixel 650,pixel 651,pixel 652,pixel 653,pixel 654,pixel 655,pixel 656,pixel 657,pixel 658,pixel 659,pixel 660,pixel 661,pixel 662,pixel 663,pixel 664,pixel 665,pixel 666,pixel 667,pixel 668,pixel 669,pixel 670,pixel 671,pixel 672,pixel 673,pixel 674,pixel 675,pixel 676,pixel 677,pixel 678,pixel 679,pixel 680,pixel 681,pixel 682,pixel 683,pixel 684,pixel 685,pixel 686,pixel 687,pixel 688,pixel 689,pixel 690,pixel 691,pixel 692,pixel 693,pixel 694,pixel 695,pixel 696,pixel 697,pixel 698,pixel 699,pixel 700,pixel 701,pixel 702,pixel 703,pixel 704,pixel 705,pixel 706,pixel 707,pixel 708,pixel 709,pixel 710,pixel 711,pixel 712,pixel 713,pixel 714,pixel 715,pixel 716,pixel 717,pixel 718,pixel 719,pixel 720,pixel 721,pixel 722,pixel 723,pixel 724,pixel 725,pixel 726,pixel 727,pixel 728,pixel 729,pixel 730,pixel 731,pixel 732,pixel 733,pixel 734,pixel 735,pixel 736,pixel 737,pixel 738,pixel 739,pixel 740,pixel 741,pixel 742,pixel 743,pixel 744,pixel 745,pixel 746,pixel 747,pixel 748,pixel 749,pixel 750,pixel 751,pixel 752,pixel 753,pixel 754,pixel 755,pixel 756,pixel 757,pixel 758,pixel 759,pixel 760,pixel 761,pixel 762,pixel 763,pixel 764,pixel 765,pixel 766,pixel 767,pixel 768,pixel 769,pixel 770,pixel 771,pixel 772,pixel 773,pixel 774,pixel 775,pixel 776,pixel 777,pixel 778,pixel 779,pixel 780,pixel 781,pixel 782,pixel 783,
1,0,0,0,0,0,0,0,0,0,0,0,0,0,0,0,0,0,0,0,0,0,0,0,0,0,0,0,0,0,0,0,0,0,0,0,0,0,0,0,0,0,0,0,0,0,0,0,0,0,0,0,0,0,0,0,0,0,0,0,0,0,0,0,0,0,0,0,0,0,0,0,0,0,0,0,0,0,0,0,0,0,0,0,0,0,0,0,0,0,0,0,0,0,0,0,0,0,0,0,0,0,0,0,0,0,0,0,0,0,0,0,0,0,0,0,0,0,0,0,0,0,0,0,0,0,0,0,0,51,159,253,159,50,0,0,0,0,0,0,0,0,0,0,0,0,0,0,0,0,0,0,0,0,0,0,48,238,252,252,252,237,0,0,0,0,0,0,0,0,0,0,0,0,0,0,0,0,0,0,0,0,0,54,227,253,252,239,233,252,57,6,0,0,0,0,0,0,0,0,0,0,0,0,0,0,0,0,0,10,60,224,252,253,252,202,84,252,253,122,0,0,0,0,0,0,0,0,0,0,0,0,0,0,0,0,0,163,252,252,252,253,252,252,96,189,253,167,0,0,0,0,0,0,0,0,0,0,0,0,0,0,0,0,51,238,253,253,190,114,253,228,47,79,255,168,0,0,0,0,0,0,0,0,0,0,0,0,0,0,0,48,238,252,252,179,12,75,121,21,0,0,253,243,50,0,0,0,0,0,0,0,0,0,0,0,0,0,38,165,253,233,208,84,0,0,0,0,0,0,253,252,165,0,0,0,0,0,0,0,0,0,0,0,0,7,178,252,240,71,19,28,0,0,0,0,0,0,253,252,195,0,0,0,0,0,0,0,0,0,0,0,0,57,252,252,63,0,0,0,0,0,0,0,0,0,253,252,195,0,0,0,0,0,0,0,0,0,0,0,0,198,253,190,0,0,0,0,0,0,0,0,0,0,255,253,196,0,0,0,0,0,0,0,0,0,0,0,76,246,252,112,0,0,0,0,0,0,0,0,0,0,253,252,148,0,0,0,0,0,0,0,0,0,0,0,85,252,230,25,0,0,0,0,0,0,0,0,7,135,253,186,12,0,0,0,0,0,0,0,0,0,0,0,85,252,223,0,0,0,0,0,0,0,0,7,131,252,225,71,0,0,0,0,0,0,0,0,0,0,0,0,85,252,145,0,0,0,0,0,0,0,48,165,252,173,0,0,0,0,0,0,0,0,0,0,0,0,0,0,86,253,225,0,0,0,0,0,0,114,238,253,162,0,0,0,0,0,0,0,0,0,0,0,0,0,0,0,85,252,249,146,48,29,85,178,225,253,223,167,56,0,0,0,0,0,0,0,0,0,0,0,0,0,0,0,85,252,252,252,229,215,252,252,252,196,130,0,0,0,0,0,0,0,0,0,0,0,0,0,0,0,0,0,28,199,252,252,253,252,252,233,145,0,0,0,0,0,0,0,0,0,0,0,0,0,0,0,0,0,0,0,0,25,128,252,253,252,141,37,0,0,0,0,0,0,0,0,0,0,0,0,0,0,0,0,0,0,0,0,0,0,0,0,0,0,0,0,0,0,0,0,0,0,0,0,0,0,0,0,0,0,0,0,0,0,0,0,0,0,0,0,0,0,0,0,0,0,0,0,0,0,0,0,0,0,0,0,0,0,0,0,0,0,0,0,0,0,0,0,0,0,0,0,0,0,0,0,0,0,0,0,0,0,0,0,0,0,0,0,0,0,0,0,0,0,0,0,0,0,0,0,0,0,0,0,0,0,0,0,0,0,0,0,0,0,
192,0,0,0,0,0,0,0,0,0,0,0,0,0,0,0,0,0,0,0,0,0,0,0,0,0,0,0,0,0,0,0,0,0,0,0,0,0,0,0,0,0,0,0,0,0,0,0,0,0,0,0,0,0,0,0,0,0,0,0,0,0,0,0,0,0,0,0,0,0,0,0,0,0,0,0,0,0,0,0,0,0,0,0,0,0,0,0,0,0,0,0,0,0,0,0,0,0,0,0,70,255,165,114,0,0,0,0,0,0,0,0,0,0,0,0,0,0,0,0,0,0,0,0,0,0,0,0,122,253,253,253,120,0,0,0,0,0,0,0,0,0,0,0,0,0,0,0,0,0,0,0,0,0,0,0,165,253,253,253,234,52,0,0,0,0,0,0,0,0,0,0,0,0,0,0,0,0,0,0,0,0,0,0,99,253,253,253,253,228,26,0,0,0,0,0,0,0,0,0,0,0,0,0,0,0,0,0,0,0,60,168,238,202,174,253,253,253,127,0,0,0,0,0,0,0,0,0,0,0,0,0,0,0,0,0,91,81,1,215,128,28,12,181,253,253,175,3,0,0,0,0,0,0,0,0,0,0,0,0,0,0,0,18,204,253,77,0,0,0,0,7,253,253,253,54,0,0,0,0,0,0,0,0,0,0,0,0,0,0,54,248,253,253,143,0,0,0,0,1,127,253,253,188,0,0,0,0,0,0,0,0,0,0,0,0,0,0,104,253,253,253,20,0,0,0,0,0,81,249,253,191,0,0,0,0,0,0,0,0,0,0,0,0,0,0,192,253,253,218,5,0,0,0,0,0,0,203,253,208,21,0,0,0,0,0,0,0,0,0,0,0,0,56,237,253,250,100,0,0,0,0,0,0,0,104,253,253,75,0,0,0,0,0,0,0,0,0,0,0,0,76,253,253,224,0,0,0,0,0,0,0,0,119,253,253,75,0,0,0,0,0,0,0,0,0,0,0,0,80,253,253,103,0,0,0,0,0,0,0,4,241,253,218,32,0,0,0,0,0,0,0,0,0,0,0,0,213,253,253,103,0,0,0,0,0,0,0,125,253,253,191,0,0,0,0,0,0,0,0,0,0,0,0,0,213,253,253,103,0,0,0,0,0,0,3,176,253,253,135,0,0,0,0,0,0,0,0,0,0,0,0,0,213,253,253,103,0,0,0,0,0,9,162,253,253,226,37,0,0,0,0,0,0,0,0,0,0,0,0,0,179,253,253,135,0,0,0,0,46,157,253,253,253,63,0,0,0,0,0,0,0,0,0,0,0,0,0,0,23,188,253,249,179,179,179,179,233,253,253,233,156,10,0,0,0,0,0,0,0,0,0,0,0,0,0,0,0,51,235,253,253,253,253,253,253,251,232,120,0,0,0,0,0,0,0,0,0,0,0,0,0,0,0,0,0,0,16,124,253,253,253,253,152,104,0,0,0,0,0,0,0,0,0,0,0,0,0,0,0,0,0,0,0,0,0,0,0,0,0,0,0,0,0,0,0,0,0,0,0,0,0,0,0,0,0,0,0,0,0,0,0,0,0,0,0,0,0,0,0,0,0,0,0,0,0,0,0,0,0,0,0,0,0,0,0,0,0,0,0,0,0,0,0,0,0,0,0,0,0,0,0,0,0,0,0,0,0,0,0,0,0,0,0,0,0,0,0,0,0,0,0,0,0,0,0,0,0,0,0,0,0,0,0,0,0,0,0,0,0,0,0,0,0,0,0,0,0,0,0,0,0,0,0,0,0,0,0,0,0,0,0,0,0,0,0,
21,0,0,0,0,0,0,0,0,0,0,0,0,0,0,0,0,0,0,0,0,0,0,0,0,0,0,0,0,0,0,0,0,0,0,0,0,0,0,0,0,0,0,0,0,0,0,0,0,0,0,0,0,0,0,0,0,0,0,0,0,0,0,0,0,0,0,0,0,0,0,0,0,0,0,0,0,0,0,0,0,0,0,0,0,0,0,0,0,0,0,0,0,0,0,0,0,0,0,0,0,0,0,0,0,0,0,0,0,0,0,0,0,0,0,0,0,0,0,0,0,0,0,0,0,0,0,0,0,0,0,64,253,255,63,0,0,0,0,0,0,0,0,0,0,0,0,0,0,0,0,0,0,0,0,0,0,0,96,205,251,253,205,111,4,0,0,0,0,0,0,0,0,0,0,0,0,0,0,0,0,0,0,0,0,96,189,251,251,253,251,251,31,0,0,0,0,0,0,0,0,0,0,0,0,0,0,0,0,0,16,64,223,244,251,251,211,213,251,251,31,0,0,0,0,0,0,0,0,0,0,0,0,0,0,0,0,80,181,251,253,251,251,251,94,96,251,251,31,0,0,0,0,0,0,0,0,0,0,0,0,0,0,0,92,253,253,253,255,253,253,253,95,96,253,253,31,0,0,0,0,0,0,0,0,0,0,0,0,0,0,92,236,251,243,220,233,251,251,243,82,96,251,251,31,0,0,0,0,0,0,0,0,0,0,0,0,0,80,253,251,251,188,0,96,251,251,109,0,96,251,251,31,0,0,0,0,0,0,0,0,0,0,0,0,96,240,253,243,188,42,0,96,204,109,4,0,12,197,251,31,0,0,0,0,0,0,0,0,0,0,0,0,221,251,253,121,0,0,0,36,23,0,0,0,0,190,251,31,0,0,0,0,0,0,0,0,0,0,0,48,234,253,0,0,0,0,0,0,0,0,0,0,0,191,253,31,0,0,0,0,0,0,0,0,0,0,44,221,251,251,0,0,0,0,0,0,0,0,0,0,12,197,251,31,0,0,0,0,0,0,0,0,0,0,190,251,251,251,0,0,0,0,0,0,0,0,0,0,96,251,251,31,0,0,0,0,0,0,0,0,0,0,190,251,251,113,0,0,0,0,0,0,0,0,0,40,234,251,219,23,0,0,0,0,0,0,0,0,0,0,190,251,251,94,0,0,0,0,0,0,0,0,40,217,253,231,47,0,0,0,0,0,0,0,0,0,0,0,191,253,253,253,0,0,0,0,0,0,12,174,253,253,219,39,0,0,0,0,0,0,0,0,0,0,0,0,67,236,251,251,191,190,111,72,190,191,197,251,243,121,39,0,0,0,0,0,0,0,0,0,0,0,0,0,0,63,236,251,253,251,251,251,251,253,251,188,94,0,0,0,0,0,0,0,0,0,0,0,0,0,0,0,0,0,27,129,253,251,251,251,251,229,168,15,0,0,0,0,0,0,0,0,0,0,0,0,0,0,0,0,0,0,0,0,95,212,251,211,94,59,0,0,0,0,0,0,0,0,0,0,0,0,0,0,0,0,0,0,0,0,0,0,0,0,0,0,0,0,0,0,0,0,0,0,0,0,0,0,0,0,0,0,0,0,0,0,0,0,0,0,0,0,0,0,0,0,0,0,0,0,0,0,0,0,0,0,0,0,0,0,0,0,0,0,0,0,0,0,0,0,0,0,0,0,0,0,0,0,0,0,0,0,0,0,0,0,0,0,0,0,0,0,0,0,0,0,0,0,0,0,0,0,0,0,0,0,0,0,0,0,0,0,0,0,0,
34,0,0,0,0,0,0,0,0,0,0,0,0,0,0,0,0,0,0,0,0,0,0,0,0,0,0,0,0,0,0,0,0,0,0,0,0,0,0,0,0,0,0,0,0,0,0,0,0,0,0,0,0,0,0,0,0,0,0,0,0,0,0,0,0,0,0,0,0,0,0,0,0,0,0,0,0,0,0,0,0,0,0,0,0,0,0,0,0,0,0,0,0,0,0,0,0,0,0,0,0,0,0,0,0,0,0,0,0,0,0,0,0,0,0,0,0,0,0,0,0,0,0,0,0,0,0,0,0,0,0,0,0,0,0,0,0,0,0,0,0,0,0,0,0,0,0,0,0,0,0,0,0,0,0,0,53,255,253,253,253,124,0,0,0,0,0,0,0,0,0,0,0,0,0,0,0,0,0,0,0,0,0,0,180,253,251,251,251,251,145,62,0,0,0,0,0,0,0,0,0,0,0,0,0,0,0,0,0,0,32,217,241,253,251,251,251,251,253,107,0,0,0,0,0,0,0,0,0,0,0,0,0,0,0,0,0,0,37,251,251,253,251,251,251,251,253,107,0,0,0,0,0,0,0,0,0,0,0,0,0,0,0,0,0,0,166,251,251,253,251,96,148,251,253,107,0,0,0,0,0,0,0,0,0,0,0,0,0,0,0,0,73,253,253,253,253,130,0,0,110,253,255,108,0,0,0,0,0,0,0,0,0,0,0,0,0,0,0,0,73,251,251,251,251,0,0,0,109,251,253,107,0,0,0,0,0,0,0,0,0,0,0,0,0,0,0,0,202,251,251,251,225,0,0,6,129,251,253,107,0,0,0,0,0,0,0,0,0,0,0,0,0,0,0,0,150,251,251,251,71,0,0,115,251,251,253,107,0,0,0,0,0,0,0,0,0,0,0,0,0,0,0,0,253,251,251,173,20,0,0,217,251,251,253,107,0,0,0,0,0,0,0,0,0,0,0,0,0,0,0,182,255,253,216,0,0,0,0,218,253,253,182,0,0,0,0,0,0,0,0,0,0,0,0,0,0,0,63,221,253,251,215,0,0,0,84,236,251,251,77,0,0,0,0,0,0,0,0,0,0,0,0,0,0,0,109,251,253,251,215,0,0,11,160,251,251,96,0,0,0,0,0,0,0,0,0,0,0,0,0,0,0,0,109,251,253,251,137,0,0,150,251,251,251,71,0,0,0,0,0,0,0,0,0,0,0,0,0,0,0,0,109,251,253,251,35,0,130,253,251,251,173,20,0,0,0,0,0,0,0,0,0,0,0,0,0,0,0,0,110,253,255,253,98,150,253,255,253,164,0,0,0,0,0,0,0,0,0,0,0,0,0,0,0,0,0,0,109,251,253,251,251,251,251,253,251,35,0,0,0,0,0,0,0,0,0,0,0,0,0,0,0,0,0,0,93,241,253,251,251,251,251,216,112,5,0,0,0,0,0,0,0,0,0,0,0,0,0,0,0,0,0,0,0,103,253,251,251,251,251,0,0,0,0,0,0,0,0,0,0,0,0,0,0,0,0,0,0,0,0,0,0,0,124,251,225,71,71,0,0,0,0,0,0,0,0,0,0,0,0,0,0,0,0,0,0,0,0,0,0,0,0,0,0,0,0,0,0,0,0,0,0,0,0,0,0,0,0,0,0,0,0,0,0,0,0,0,0,0,0,0,0,0,0,0,0,0,0,0,0,0,0,0,0,0,0,0,0,0,0,0,0,0,0,0,0,0,0,0,0,0,0,0,0,0,0,0,0,0,0,0,0,0,0,0,
75,0,0,0,0,0,0,0,0,0,0,0,0,0,0,0,0,0,0,0,0,0,0,0,0,0,0,0,0,0,0,0,0,0,0,0,0,0,0,0,0,0,0,0,0,0,0,0,0,0,0,0,0,0,0,0,0,0,0,0,0,0,0,0,0,0,0,0,0,0,0,0,0,0,0,0,0,0,0,0,0,0,0,0,0,0,0,0,0,0,0,0,0,0,0,0,0,0,0,0,0,0,0,0,0,0,0,0,0,0,0,0,0,0,0,0,0,0,0,0,0,0,0,0,0,0,0,0,0,0,0,0,0,0,0,0,0,0,0,0,0,0,0,0,0,0,0,0,0,0,0,0,0,0,0,0,62,91,213,255,228,91,12,0,0,0,0,0,0,0,0,0,0,0,0,0,0,0,0,0,0,0,0,70,230,253,253,253,253,253,152,7,0,0,0,0,0,0,0,0,0,0,0,0,0,0,0,0,0,0,0,246,253,253,253,253,253,253,253,106,0,0,0,0,0,0,0,0,0,0,0,0,0,0,0,0,0,0,21,247,253,253,253,253,253,253,208,24,0,0,0,0,0,0,0,0,0,0,0,0,0,0,0,0,0,0,156,253,253,253,253,253,253,253,195,0,0,0,0,0,0,0,0,0,0,0,0,0,0,0,0,0,0,88,238,253,253,253,221,253,253,253,195,0,0,0,0,0,0,0,0,0,0,0,0,0,0,0,0,0,0,230,253,253,253,198,40,177,253,253,195,0,0,0,0,0,0,0,0,0,0,0,0,0,0,0,0,56,156,251,253,189,182,15,0,86,240,253,210,28,0,0,0,0,0,0,0,0,0,0,0,0,0,0,0,213,253,253,156,3,0,0,0,0,205,253,253,106,0,0,0,0,0,0,0,0,0,0,0,0,0,0,121,252,253,135,3,0,0,0,0,0,46,253,253,106,0,0,0,0,0,0,0,0,0,0,0,0,0,28,212,253,248,23,0,0,0,0,0,0,42,253,253,106,0,0,0,0,0,0,0,0,0,0,0,0,0,197,253,234,70,0,0,0,0,0,0,0,42,253,253,106,0,0,0,0,0,0,0,0,0,0,0,0,11,202,253,187,0,0,0,0,0,0,0,0,58,253,210,27,0,0,0,0,0,0,0,0,0,0,0,0,107,253,253,40,0,0,0,0,0,0,0,53,227,253,195,0,0,0,0,0,0,0,0,0,0,0,0,0,107,253,253,40,0,0,0,0,0,0,47,227,253,231,58,0,0,0,0,0,0,0,0,0,0,0,0,0,107,253,253,40,0,0,0,0,5,131,222,253,231,59,0,0,0,0,0,0,0,0,0,0,0,0,0,0,14,204,253,226,222,73,58,58,170,253,253,227,58,0,0,0,0,0,0,0,0,0,0,0,0,0,0,0,0,197,253,253,253,253,253,253,253,253,238,58,0,0,0,0,0,0,0,0,0,0,0,0,0,0,0,0,0,33,179,241,253,253,253,253,250,116,14,0,0,0,0,0,0,0,0,0,0,0,0,0,0,0,0,0,0,0,0,75,179,253,151,89,86,0,0,0,0,0,0,0,0,0,0,0,0,0,0,0,0,0,0,0,0,0,0,0,0,0,0,0,0,0,0,0,0,0,0,0,0,0,0,0,0,0,0,0,0,0,0,0,0,0,0,0,0,0,0,0,0,0,0,0,0,0,0,0,0,0,0,0,0,0,0,0,0,0,0,0,0,0,0,0,0,0,0,0,0,0,0,0,0,0,0,0,0,0,0,0,0,0,
81,0,0,0,0,0,0,0,0,0,0,0,0,0,0,0,0,0,0,0,0,0,0,0,0,0,0,0,0,0,0,0,0,0,0,0,0,0,0,0,0,0,0,0,0,0,0,0,0,0,0,0,0,0,0,0,0,0,0,0,0,0,0,0,0,0,0,0,0,0,0,0,0,0,0,0,0,0,0,0,0,0,0,0,0,0,0,0,0,0,0,0,0,0,0,0,0,0,0,0,0,0,0,0,0,0,0,0,0,0,0,0,0,0,0,0,0,0,0,0,0,0,0,0,0,0,0,0,0,0,0,0,0,0,0,0,0,0,0,0,0,0,0,0,0,0,0,0,0,0,0,0,0,0,0,28,195,254,254,254,254,254,255,61,0,0,0,0,0,0,0,0,0,0,0,0,0,0,0,0,0,0,6,191,253,253,253,253,253,253,253,60,0,0,0,0,0,0,0,0,0,0,0,0,0,0,0,0,0,26,190,253,253,253,253,240,191,242,253,60,0,0,0,0,0,0,0,0,0,0,0,0,0,0,0,0,15,187,253,253,253,253,253,200,0,211,253,60,0,0,0,0,0,0,0,0,0,0,0,0,0,0,0,22,66,253,253,253,253,241,209,44,23,218,253,60,0,0,0,0,0,0,0,0,0,0,0,0,0,0,0,124,253,253,253,253,253,182,0,0,131,253,253,60,0,0,0,0,0,0,0,0,0,0,0,0,0,0,0,38,217,253,253,244,111,37,0,0,131,253,253,60,0,0,0,0,0,0,0,0,0,0,0,0,0,0,0,124,253,253,253,165,0,0,0,22,182,253,253,60,0,0,0,0,0,0,0,0,0,0,0,0,0,0,0,124,253,253,240,45,0,0,0,53,253,253,249,58,0,0,0,0,0,0,0,0,0,0,0,0,0,0,16,168,253,216,45,0,0,0,0,53,253,253,138,0,0,0,0,0,0,0,0,0,0,0,0,0,0,0,159,253,253,147,0,0,0,0,0,53,253,253,138,0,0,0,0,0,0,0,0,0,0,0,0,0,0,136,252,253,227,5,0,0,0,0,0,53,253,243,101,0,0,0,0,0,0,0,0,0,0,0,0,0,0,140,253,253,124,0,0,0,0,0,0,156,253,218,0,0,0,0,0,0,0,0,0,0,0,0,0,0,13,164,253,142,5,0,0,0,0,0,32,233,253,218,0,0,0,0,0,0,0,0,0,0,0,0,0,0,62,253,253,130,0,0,0,0,0,37,203,253,253,127,0,0,0,0,0,0,0,0,0,0,0,0,0,0,62,253,253,147,36,36,36,36,151,222,253,245,127,8,0,0,0,0,0,0,0,0,0,0,0,0,0,0,34,202,253,253,253,253,253,253,253,253,253,200,0,0,0,0,0,0,0,0,0,0,0,0,0,0,0,0,0,140,253,253,253,253,253,253,253,248,235,65,0,0,0,0,0,0,0,0,0,0,0,0,0,0,0,0,0,87,173,253,253,253,253,253,253,182,0,0,0,0,0,0,0,0,0,0,0,0,0,0,0,0,0,0,0,0,14,78,96,253,253,253,137,56,0,0,0,0,0,0,0,0,0,0,0,0,0,0,0,0,0,0,0,0,0,0,0,0,0,0,0,0,0,0,0,0,0,0,0,0,0,0,0,0,0,0,0,0,0,0,0,0,0,0,0,0,0,0,0,0,0,0,0,0,0,0,0,0,0,0,0,0,0,0,0,0,0,0,0,0,0,0,0,0,0,0,0,0,0,0,0,0,0,0,0,0,0,0,0,0,
134,1,0,0,0,0,0,0,0,0,0,0,0,0,0,0,0,0,0,0,0,0,0,0,0,0,0,0,0,0,0,0,0,0,0,0,0,0,0,0,0,0,0,0,0,0,0,0,0,0,0,0,0,0,0,0,0,0,0,0,0,0,0,0,0,0,0,0,0,0,0,0,0,0,0,0,0,0,0,0,0,0,0,0,0,0,0,0,0,0,0,0,0,0,0,0,0,0,0,0,0,0,0,0,0,0,0,0,0,0,0,0,0,0,0,0,0,0,0,0,0,85,253,132,9,0,0,0,0,0,0,0,0,0,0,0,0,0,0,0,0,0,0,0,0,0,0,0,82,241,251,251,128,0,0,0,0,0,0,0,0,0,0,0,0,0,0,0,0,0,0,0,0,0,0,0,175,251,251,251,245,121,0,0,0,0,0,0,0,0,0,0,0,0,0,0,0,0,0,0,0,0,0,0,13,204,251,251,251,245,107,0,0,0,0,0,0,0,0,0,0,0,0,0,0,0,0,0,0,0,0,0,0,39,251,251,251,251,167,22,0,0,0,0,0,0,0,0,0,0,0,0,0,0,0,0,0,0,0,0,0,15,155,251,251,251,251,177,0,0,0,0,0,0,0,0,0,0,0,0,0,0,0,0,0,0,0,0,0,0,15,157,248,251,251,251,165,0,0,0,0,0,0,0,0,0,0,0,0,0,0,0,0,0,0,0,0,0,0,0,214,251,251,251,212,78,24,0,0,0,0,0,0,0,0,0,0,0,0,0,0,0,0,0,0,0,0,0,109,251,251,251,253,251,170,10,0,0,0,0,0,0,0,0,0,0,0,0,0,0,0,0,0,0,0,0,5,57,162,251,253,251,251,18,0,0,0,0,0,0,0,0,0,0,0,0,0,0,0,0,0,0,0,0,0,0,106,239,255,253,253,213,0,0,0,0,0,0,0,0,0,0,0,0,0,0,0,0,0,0,0,0,0,0,0,105,253,251,251,230,72,0,0,0,0,0,0,0,0,0,0,0,0,0,0,0,0,0,0,0,0,0,0,0,253,251,251,251,221,67,0,0,0,0,0,0,0,0,0,0,0,0,0,0,0,0,0,0,0,0,0,0,72,251,251,251,251,96,0,0,0,0,0,0,0,0,0,0,0,0,0,0,0,0,0,0,0,0,0,0,36,199,251,251,251,155,15,0,0,0,0,0,0,0,0,0,0,0,0,0,0,0,0,0,0,0,0,0,0,45,204,251,251,251,157,0,0,0,0,0,0,0,0,0,0,0,0,0,0,0,0,0,0,0,0,0,0,0,161,249,251,251,248,147,0,0,0,0,0,0,0,0,0,0,0,0,0,0,0,0,0,0,0,0,0,0,0,233,251,251,251,173,0,0,0,0,0,0,0,0,0,0,0,0,0,0,0,0,0,0,0,0,0,0,0,233,251,251,251,173,0,0,0,0,0,0,0,0,0,0,0,0,0,0,0,0,0,0,0,0,0,0,0,53,131,251,251,173,0,0,0,0,0,0,0,0,0,0,0,0,0,0,0,0,0,0,0,0,0,0,0,0,0,0,0,0,0,0,0,0,0,0,0,0,0,0,0,0,0,0,0,0,0,0,0,0,0,0,0,0,0,0,0,0,0,0,0,0,0,0,0,0,0,0,0,0,0,0,0,0,0,0,0,0,0,0,0,0,0,0,0,0,0,0,0,0,0,0,0,0,0,0,0,0,0,0,0,0,0,0,0,0,0,0,0,0,0,0,0,0,0,0,0,0,0,0,
3,1,0,0,0,0,0,0,0,0,0,0,0,0,0,0,0,0,0,0,0,0,0,0,0,0,0,0,0,0,0,0,0,0,0,0,0,0,0,0,0,0,0,0,0,0,0,0,0,0,0,0,0,0,0,0,0,0,0,0,0,0,0,0,0,0,0,0,0,0,0,0,0,0,0,0,0,0,0,0,0,0,0,0,0,0,0,0,0,0,0,0,0,0,0,0,0,0,0,0,0,0,0,0,0,0,0,0,0,0,0,0,0,0,0,0,0,0,0,0,0,0,0,0,0,0,0,0,0,0,0,0,0,0,0,0,0,0,0,0,0,0,0,0,0,0,0,0,0,0,0,0,0,0,0,0,0,0,0,0,124,253,255,63,0,0,0,0,0,0,0,0,0,0,0,0,0,0,0,0,0,0,0,0,0,0,0,96,244,251,253,62,0,0,0,0,0,0,0,0,0,0,0,0,0,0,0,0,0,0,0,0,0,0,0,127,251,251,253,62,0,0,0,0,0,0,0,0,0,0,0,0,0,0,0,0,0,0,0,0,0,0,68,236,251,211,31,8,0,0,0,0,0,0,0,0,0,0,0,0,0,0,0,0,0,0,0,0,0,60,228,251,251,94,0,0,0,0,0,0,0,0,0,0,0,0,0,0,0,0,0,0,0,0,0,0,0,155,253,253,189,0,0,0,0,0,0,0,0,0,0,0,0,0,0,0,0,0,0,0,0,0,0,0,20,253,251,235,66,0,0,0,0,0,0,0,0,0,0,0,0,0,0,0,0,0,0,0,0,0,0,32,205,253,251,126,0,0,0,0,0,0,0,0,0,0,0,0,0,0,0,0,0,0,0,0,0,0,0,104,251,253,184,15,0,0,0,0,0,0,0,0,0,0,0,0,0,0,0,0,0,0,0,0,0,0,80,240,251,193,23,0,0,0,0,0,0,0,0,0,0,0,0,0,0,0,0,0,0,0,0,0,0,32,253,253,253,159,0,0,0,0,0,0,0,0,0,0,0,0,0,0,0,0,0,0,0,0,0,0,0,151,251,251,251,39,0,0,0,0,0,0,0,0,0,0,0,0,0,0,0,0,0,0,0,0,0,0,48,221,251,251,172,0,0,0,0,0,0,0,0,0,0,0,0,0,0,0,0,0,0,0,0,0,0,0,234,251,251,196,12,0,0,0,0,0,0,0,0,0,0,0,0,0,0,0,0,0,0,0,0,0,0,0,253,251,251,89,0,0,0,0,0,0,0,0,0,0,0,0,0,0,0,0,0,0,0,0,0,0,0,159,255,253,253,31,0,0,0,0,0,0,0,0,0,0,0,0,0,0,0,0,0,0,0,0,0,0,48,228,253,247,140,8,0,0,0,0,0,0,0,0,0,0,0,0,0,0,0,0,0,0,0,0,0,0,64,251,253,220,0,0,0,0,0,0,0,0,0,0,0,0,0,0,0,0,0,0,0,0,0,0,0,0,64,251,253,220,0,0,0,0,0,0,0,0,0,0,0,0,0,0,0,0,0,0,0,0,0,0,0,0,24,193,253,220,0,0,0,0,0,0,0,0,0,0,0,0,0,0,0,0,0,0,0,0,0,0,0,0,0,0,0,0,0,0,0,0,0,0,0,0,0,0,0,0,0,0,0,0,0,0,0,0,0,0,0,0,0,0,0,0,0,0,0,0,0,0,0,0,0,0,0,0,0,0,0,0,0,0,0,0,0,0,0,0,0,0,0,0,0,0,0,0,0,0,0,0,0,0,0,0,0,0,0,0,
72,1,0,0,0,0,0,0,0,0,0,0,0,0,0,0,0,0,0,0,0,0,0,0,0,0,0,0,0,0,0,0,0,0,0,0,0,0,0,0,0,0,0,0,0,0,0,0,0,0,0,0,0,0,0,0,0,0,0,0,0,0,0,0,0,0,0,0,0,0,0,0,0,0,0,0,0,0,0,0,0,0,0,0,0,0,0,0,0,0,0,0,0,0,0,0,0,0,0,0,0,0,0,0,0,0,0,0,0,0,0,0,0,0,0,0,0,0,0,0,0,0,0,0,0,0,26,240,72,0,0,0,0,0,0,0,0,0,0,0,0,0,0,0,0,0,0,0,0,0,0,0,0,0,25,238,208,0,0,0,0,0,0,0,0,0,0,0,0,0,0,0,0,0,0,0,0,0,0,0,0,0,0,209,226,14,0,0,0,0,0,0,0,0,0,0,0,0,0,0,0,0,0,0,0,0,0,0,0,0,0,209,254,43,0,0,0,0,0,0,0,0,0,0,0,0,0,0,0,0,0,0,0,0,0,0,0,0,0,175,254,128,0,0,0,0,0,0,0,0,0,0,0,0,0,0,0,0,0,0,0,0,0,0,0,0,0,63,254,204,0,0,0,0,0,0,0,0,0,0,0,0,0,0,0,0,0,0,0,0,0,0,0,0,0,107,254,204,0,0,0,0,0,0,0,0,0,0,0,0,0,0,0,0,0,0,0,0,0,0,0,0,0,88,254,204,0,0,0,0,0,0,0,0,0,0,0,0,0,0,0,0,0,0,0,0,0,0,0,0,0,55,254,204,0,0,0,0,0,0,0,0,0,0,0,0,0,0,0,0,0,0,0,0,0,0,0,0,0,126,254,204,0,0,0,0,0,0,0,0,0,0,0,0,0,0,0,0,0,0,0,0,0,0,0,0,0,126,254,189,0,0,0,0,0,0,0,0,0,0,0,0,0,0,0,0,0,0,0,0,0,0,0,0,0,169,254,121,0,0,0,0,0,0,0,0,0,0,0,0,0,0,0,0,0,0,0,0,0,0,0,0,0,209,254,193,0,0,0,0,0,0,0,0,0,0,0,0,0,0,0,0,0,0,0,0,0,0,0,0,0,209,254,111,0,0,0,0,0,0,0,0,0,0,0,0,0,0,0,0,0,0,0,0,0,0,0,0,22,235,254,37,0,0,0,0,0,0,0,0,0,0,0,0,0,0,0,0,0,0,0,0,0,0,0,0,137,254,227,16,0,0,0,0,0,0,0,0,0,0,0,0,0,0,0,0,0,0,0,0,0,0,0,0,205,255,185,0,0,0,0,0,0,0,0,0,0,0,0,0,0,0,0,0,0,0,0,0,0,0,0,0,205,254,125,0,0,0,0,0,0,0,0,0,0,0,0,0,0,0,0,0,0,0,0,0,0,0,0,0,205,254,125,0,0,0,0,0,0,0,0,0,0,0,0,0,0,0,0,0,0,0,0,0,0,0,0,0,111,212,43,0,0,0,0,0,0,0,0,0,0,0,0,0,0,0,0,0,0,0,0,0,0,0,0,0,0,0,0,0,0,0,0,0,0,0,0,0,0,0,0,0,0,0,0,0,0,0,0,0,0,0,0,0,0,0,0,0,0,0,0,0,0,0,0,0,0,0,0,0,0,0,0,0,0,0,0,0,0,0,0,0,0,0,0,0,0,0,0,0,0,0,0,0,0,0,0,0,0,0,0,0,0,0,0,0,0,0,0,0,0,0,0,0,0,0,0,0,0,0,0,0,0,0,0,0,
77,1,0,0,0,0,0,0,0,0,0,0,0,0,0,0,0,0,0,0,0,0,0,0,0,0,0,0,0,0,0,0,0,0,0,0,0,0,0,0,0,0,0,0,0,0,0,0,0,0,0,0,0,0,0,0,0,0,0,0,0,0,0,0,0,0,0,0,0,0,0,0,0,0,0,0,0,0,0,0,0,0,0,0,0,0,0,0,0,0,0,0,0,0,0,0,0,0,0,0,0,0,0,0,0,0,0,0,0,0,0,0,0,0,0,0,0,0,0,0,0,0,0,0,0,0,0,0,0,0,0,0,0,0,0,0,0,0,0,0,0,0,0,0,0,0,0,0,0,0,0,0,0,0,0,0,0,0,42,228,253,253,0,0,0,0,0,0,0,0,0,0,0,0,0,0,0,0,0,0,0,0,0,0,0,0,144,251,251,251,0,0,0,0,0,0,0,0,0,0,0,0,0,0,0,0,0,0,0,0,0,0,0,89,236,251,235,215,0,0,0,0,0,0,0,0,0,0,0,0,0,0,0,0,0,0,0,0,0,0,79,253,251,251,142,0,0,0,0,0,0,0,0,0,0,0,0,0,0,0,0,0,0,0,0,0,0,0,180,253,251,251,142,0,0,0,0,0,0,0,0,0,0,0,0,0,0,0,0,0,0,0,0,0,0,32,202,255,253,216,0,0,0,0,0,0,0,0,0,0,0,0,0,0,0,0,0,0,0,0,0,0,0,109,251,253,251,112,0,0,0,0,0,0,0,0,0,0,0,0,0,0,0,0,0,0,0,0,0,0,6,129,251,253,127,5,0,0,0,0,0,0,0,0,0,0,0,0,0,0,0,0,0,0,0,0,0,0,37,251,251,253,107,0,0,0,0,0,0,0,0,0,0,0,0,0,0,0,0,0,0,0,0,0,0,0,166,251,251,201,30,0,0,0,0,0,0,0,0,0,0,0,0,0,0,0,0,0,0,0,0,0,0,42,228,253,253,0,0,0,0,0,0,0,0,0,0,0,0,0,0,0,0,0,0,0,0,0,0,0,0,144,251,251,147,0,0,0,0,0,0,0,0,0,0,0,0,0,0,0,0,0,0,0,0,0,0,0,63,236,251,251,71,0,0,0,0,0,0,0,0,0,0,0,0,0,0,0,0,0,0,0,0,0,0,0,150,251,251,204,41,0,0,0,0,0,0,0,0,0,0,0,0,0,0,0,0,0,0,0,0,0,0,0,253,251,251,142,0,0,0,0,0,0,0,0,0,0,0,0,0,0,0,0,0,0,0,0,0,0,0,0,255,253,164,0,0,0,0,0,0,0,0,0,0,0,0,0,0,0,0,0,0,0,0,0,0,0,0,105,253,251,35,0,0,0,0,0,0,0,0,0,0,0,0,0,0,0,0,0,0,0,0,0,0,0,0,180,253,251,35,0,0,0,0,0,0,0,0,0,0,0,0,0,0,0,0,0,0,0,0,0,0,0,0,180,253,251,35,0,0,0,0,0,0,0,0,0,0,0,0,0,0,0,0,0,0,0,0,0,0,0,0,180,253,251,35,0,0,0,0,0,0,0,0,0,0,0,0,0,0,0,0,0,0,0,0,0,0,0,0,0,0,0,0,0,0,0,0,0,0,0,0,0,0,0,0,0,0,0,0,0,0,0,0,0,0,0,0,0,0,0,0,0,0,0,0,0,0,0,0,0,0,0,0,0,0,0,0,0,0,0,0,0,0,0,0,0,0,0,0,0,0,0,0,0,0,0,0,0,0,0,0,0,0,0,
78,1,0,0,0,0,0,0,0,0,0,0,0,0,0,0,0,0,0,0,0,0,0,0,0,0,0,0,0,0,0,0,0,0,0,0,0,0,0,0,0,0,0,0,0,0,0,0,0,0,0,0,0,0,0,0,0,0,0,0,0,0,0,0,0,0,0,0,0,0,0,0,0,0,0,0,0,0,0,0,0,0,0,0,0,0,0,0,0,0,0,0,0,0,0,0,0,0,0,0,0,0,0,0,0,0,0,0,0,0,0,0,0,0,0,0,0,0,0,0,0,0,0,0,0,0,0,0,0,62,254,213,0,0,0,0,0,0,0,0,0,0,0,0,0,0,0,0,0,0,0,0,0,0,0,0,0,102,253,252,102,20,0,0,0,0,0,0,0,0,0,0,0,0,0,0,0,0,0,0,0,0,0,0,0,102,254,253,254,50,0,0,0,0,0,0,0,0,0,0,0,0,0,0,0,0,0,0,0,0,0,0,0,102,253,252,253,50,0,0,0,0,0,0,0,0,0,0,0,0,0,0,0,0,0,0,0,0,0,0,0,102,254,253,254,50,0,0,0,0,0,0,0,0,0,0,0,0,0,0,0,0,0,0,0,0,0,0,0,142,253,252,253,50,0,0,0,0,0,0,0,0,0,0,0,0,0,0,0,0,0,0,0,0,0,0,51,253,254,253,224,20,0,0,0,0,0,0,0,0,0,0,0,0,0,0,0,0,0,0,0,0,0,0,132,252,253,252,162,0,0,0,0,0,0,0,0,0,0,0,0,0,0,0,0,0,0,0,0,0,0,0,173,253,254,253,102,0,0,0,0,0,0,0,0,0,0,0,0,0,0,0,0,0,0,0,0,0,0,82,253,252,253,252,61,0,0,0,0,0,0,0,0,0,0,0,0,0,0,0,0,0,0,0,0,0,0,203,254,253,254,233,0,0,0,0,0,0,0,0,0,0,0,0,0,0,0,0,0,0,0,0,0,0,41,243,253,252,253,111,0,0,0,0,0,0,0,0,0,0,0,0,0,0,0,0,0,0,0,0,0,0,132,253,254,253,203,0,0,0,0,0,0,0,0,0,0,0,0,0,0,0,0,0,0,0,0,0,0,41,253,252,253,252,40,0,0,0,0,0,0,0,0,0,0,0,0,0,0,0,0,0,0,0,0,0,11,213,254,253,254,151,0,0,0,0,0,0,0,0,0,0,0,0,0,0,0,0,0,0,0,0,0,0,92,252,253,252,192,50,0,0,0,0,0,0,0,0,0,0,0,0,0,0,0,0,0,0,0,0,0,21,214,253,255,253,41,0,0,0,0,0,0,0,0,0,0,0,0,0,0,0,0,0,0,0,0,0,0,142,253,252,253,171,0,0,0,0,0,0,0,0,0,0,0,0,0,0,0,0,0,0,0,0,0,0,113,253,255,253,203,40,0,0,0,0,0,0,0,0,0,0,0,0,0,0,0,0,0,0,0,0,0,0,30,131,233,111,0,0,0,0,0,0,0,0,0,0,0,0,0,0,0,0,0,0,0,0,0,0,0,0,0,0,0,0,0,0,0,0,0,0,0,0,0,0,0,0,0,0,0,0,0,0,0,0,0,0,0,0,0,0,0,0,0,0,0,0,0,0,0,0,0,0,0,0,0,0,0,0,0,0,0,0,0,0,0,0,0,0,0,0,0,0,0,0,0,0,0,0,0,0,0,0,0,0,0,0,0,0,0,0,0,0,0,0,0,0,0,0,0,0,0,0,0,0,0,0,0,0,0,0,0,0,0,0,
99,1,0,0,0,0,0,0,0,0,0,0,0,0,0,0,0,0,0,0,0,0,0,0,0,0,0,0,0,0,0,0,0,0,0,0,0,0,0,0,0,0,0,0,0,0,0,0,0,0,0,0,0,0,0,0,0,0,0,0,0,0,0,0,0,0,0,0,0,0,0,0,0,0,0,0,0,0,0,0,0,0,0,0,0,0,0,0,0,0,0,0,0,0,0,0,0,0,0,0,0,0,0,0,0,0,0,0,0,0,0,0,0,0,0,0,0,0,0,0,0,0,0,0,0,0,0,0,0,0,0,0,0,0,0,0,0,0,0,0,0,0,0,0,0,0,0,0,0,0,0,0,0,0,0,0,0,0,85,255,103,1,0,0,0,0,0,0,0,0,0,0,0,0,0,0,0,0,0,0,0,0,0,0,0,0,205,253,253,30,0,0,0,0,0,0,0,0,0,0,0,0,0,0,0,0,0,0,0,0,0,0,0,0,205,253,253,30,0,0,0,0,0,0,0,0,0,0,0,0,0,0,0,0,0,0,0,0,0,0,0,44,233,253,244,27,0,0,0,0,0,0,0,0,0,0,0,0,0,0,0,0,0,0,0,0,0,0,0,135,253,253,100,0,0,0,0,0,0,0,0,0,0,0,0,0,0,0,0,0,0,0,0,0,0,0,0,153,253,240,76,0,0,0,0,0,0,0,0,0,0,0,0,0,0,0,0,0,0,0,0,0,0,0,12,208,253,166,0,0,0,0,0,0,0,0,0,0,0,0,0,0,0,0,0,0,0,0,0,0,0,0,69,253,253,142,0,0,0,0,0,0,0,0,0,0,0,0,0,0,0,0,0,0,0,0,0,0,0,14,110,253,235,33,0,0,0,0,0,0,0,0,0,0,0,0,0,0,0,0,0,0,0,0,0,0,0,63,223,235,130,0,0,0,0,0,0,0,0,0,0,0,0,0,0,0,0,0,0,0,0,0,0,0,0,186,253,235,37,0,0,0,0,0,0,0,0,0,0,0,0,0,0,0,0,0,0,0,0,0,0,0,17,145,253,231,35,0,0,0,0,0,0,0,0,0,0,0,0,0,0,0,0,0,0,0,0,0,0,0,69,220,231,123,0,0,0,0,0,0,0,0,0,0,0,0,0,0,0,0,0,0,0,0,0,0,0,18,205,253,176,27,0,0,0,0,0,0,0,0,0,0,0,0,0,0,0,0,0,0,0,0,0,0,17,125,253,185,39,0,0,0,0,0,0,0,0,0,0,0,0,0,0,0,0,0,0,0,0,0,0,0,71,214,231,41,0,0,0,0,0,0,0,0,0,0,0,0,0,0,0,0,0,0,0,0,0,0,0,0,167,253,225,33,0,0,0,0,0,0,0,0,0,0,0,0,0,0,0,0,0,0,0,0,0,0,0,72,205,207,14,0,0,0,0,0,0,0,0,0,0,0,0,0,0,0,0,0,0,0,0,0,0,0,30,249,233,49,0,0,0,0,0,0,0,0,0,0,0,0,0,0,0,0,0,0,0,0,0,0,0,0,32,253,89,0,0,0,0,0,0,0,0,0,0,0,0,0,0,0,0,0,0,0,0,0,0,0,0,0,0,0,0,0,0,0,0,0,0,0,0,0,0,0,0,0,0,0,0,0,0,0,0,0,0,0,0,0,0,0,0,0,0,0,0,0,0,0,0,0,0,0,0,0,0,0,0,0,0,0,0,0,0,0,0,0,0,0,0,0,0,0,0,0,0,0,0,0,0,0,0,0,0,0,0,0,
10029,2,0,0,0,0,0,0,0,0,0,0,0,0,0,0,0,0,0,0,0,0,0,0,0,0,0,0,0,0,0,0,0,0,0,0,0,0,0,0,0,0,0,0,0,0,0,0,0,0,0,0,0,0,0,0,0,0,0,0,0,0,0,0,0,0,0,0,0,0,0,0,0,0,0,0,0,0,0,0,0,0,0,0,0,0,0,0,0,0,0,0,0,0,0,0,0,0,0,0,0,0,0,0,0,0,0,0,0,0,0,0,0,0,0,0,0,0,0,0,0,0,0,0,0,0,0,0,0,0,0,0,0,0,0,0,0,0,0,0,0,0,0,0,0,0,0,0,0,0,0,0,0,0,0,0,0,0,17,54,145,145,145,145,18,0,0,0,0,0,0,0,0,0,0,0,0,0,0,0,0,0,0,0,4,112,221,252,252,252,252,252,189,0,0,0,0,0,0,0,0,0,0,0,0,0,0,0,0,0,24,113,177,252,252,252,252,252,252,252,131,0,0,0,0,0,0,0,0,0,0,0,0,0,0,0,0,0,121,253,252,252,252,252,171,132,252,252,103,0,0,0,0,0,0,0,0,0,0,0,0,0,0,0,0,0,87,253,252,242,156,60,14,120,252,252,11,0,0,0,0,0,0,0,0,0,0,0,0,0,0,0,0,0,0,111,156,41,0,0,100,243,252,252,11,0,0,0,0,0,0,0,0,0,0,0,0,0,0,0,0,0,0,0,0,0,0,99,244,252,252,113,2,0,0,0,0,0,0,0,0,0,0,0,0,0,0,0,0,0,0,0,0,0,44,246,252,252,210,14,0,0,0,0,0,0,0,0,0,0,0,0,0,0,0,0,0,0,0,0,0,150,243,252,252,212,24,0,0,0,0,0,0,0,0,0,0,0,0,0,0,0,0,5,13,122,190,255,253,253,253,253,209,23,0,0,0,0,0,0,0,0,0,0,0,0,0,0,0,0,19,158,252,252,252,253,252,252,252,252,135,5,0,0,0,0,0,0,0,0,0,0,0,0,0,0,7,66,230,252,252,252,252,253,252,247,216,242,252,123,0,0,0,0,0,0,0,0,0,0,0,0,0,48,185,252,252,252,252,252,252,253,224,118,0,60,212,224,24,0,0,0,0,0,0,0,0,0,0,3,72,225,252,252,252,252,252,252,252,187,31,0,0,0,164,252,122,0,0,0,0,0,0,0,0,0,0,105,252,252,252,252,252,252,252,186,65,0,0,0,0,0,18,181,229,193,135,0,0,0,0,0,0,0,0,190,252,252,252,252,252,224,122,5,0,0,0,0,0,0,0,85,252,252,252,0,0,0,0,0,0,0,0,87,252,252,252,229,122,24,0,0,0,0,0,0,0,0,0,12,36,36,36,0,0,0,0,0,0,0,0,7,143,127,23,18,0,0,0,0,0,0,0,0,0,0,0,0,0,0,0,0,0,0,0,0,0,0,0,0,0,0,0,0,0,0,0,0,0,0,0,0,0,0,0,0,0,0,0,0,0,0,0,0,0,0,0,0,0,0,0,0,0,0,0,0,0,0,0,0,0,0,0,0,0,0,0,0,0,0,0,0,0,0,0,0,0,0,0,0,0,0,0,0,0,0,0,0,0,0,0,0,0,0,0,0,0,0,0,0,0,0,0,0,0,0,0,0,0,0,0,0,0,0,0,0,0,0,0,0,0,0,0,0,0,0,0,0,0,0,0,0,0,0,0,0,0,0,0,0,0,0,0,0,0,0,0,0,0,0,0,0,0,0,0,0,
1010,2,0,0,0,0,0,0,0,0,0,0,0,0,0,0,0,0,0,0,0,0,0,0,0,0,0,0,0,0,0,0,0,0,0,0,0,0,0,0,0,0,0,0,0,0,0,0,0,0,0,0,0,0,0,0,0,0,0,0,0,0,0,0,0,0,0,0,0,0,0,0,0,0,0,0,0,0,0,0,0,0,0,0,0,0,0,0,0,0,0,0,0,0,0,0,0,84,194,255,233,96,96,36,0,0,0,0,0,0,0,0,0,0,0,0,0,0,0,0,0,0,0,0,0,221,251,253,251,251,251,212,131,8,0,0,0,0,0,0,0,0,0,0,0,0,0,0,0,0,0,0,0,221,251,253,251,251,251,251,253,157,63,0,0,0,0,0,0,0,0,0,0,0,0,0,0,0,0,0,0,181,251,253,204,188,244,251,253,251,156,8,0,0,0,0,0,0,0,0,0,0,0,0,0,0,0,0,0,24,193,253,161,0,123,251,253,251,251,129,0,0,0,0,0,0,0,0,0,0,0,0,0,0,0,0,0,0,0,60,150,48,0,0,195,253,253,213,36,0,0,0,0,0,0,0,0,0,0,0,0,0,0,0,0,0,0,0,8,31,0,0,96,251,251,251,94,0,0,0,0,0,0,0,0,0,0,0,0,0,0,0,0,0,0,0,0,0,0,0,96,251,251,251,94,0,0,0,0,0,0,0,0,0,0,0,0,0,0,0,0,0,0,0,0,0,0,0,96,251,251,251,94,0,0,0,0,0,0,0,0,0,0,0,0,0,0,0,0,0,0,0,0,0,0,0,96,251,251,211,35,0,0,0,0,0,0,0,0,0,0,0,0,0,0,0,0,0,0,0,0,0,0,0,155,253,253,189,0,0,0,0,0,0,0,0,0,0,0,0,0,0,0,0,0,0,0,0,0,0,0,20,253,251,235,66,0,0,0,0,0,0,0,0,0,0,0,0,0,0,0,0,0,0,0,0,0,0,32,205,253,251,126,0,0,0,0,0,0,0,0,0,0,0,0,0,0,0,0,0,0,0,0,0,0,32,210,251,253,243,94,0,0,0,0,0,0,0,0,0,0,0,0,0,0,100,159,158,79,0,0,0,120,205,251,251,253,121,0,0,0,0,0,0,0,0,0,0,0,36,115,253,253,253,255,253,253,253,253,255,253,253,253,253,255,233,96,72,0,0,0,0,0,0,0,0,0,115,251,251,251,251,253,251,251,251,251,253,251,251,251,251,253,251,251,236,190,0,0,0,0,0,0,0,0,253,251,251,251,251,253,251,251,251,251,253,251,188,126,126,173,251,188,126,126,0,0,0,0,0,0,0,0,114,251,251,251,251,253,251,251,251,251,189,69,15,0,0,12,31,15,0,0,0,0,0,0,0,0,0,0,36,212,251,251,251,253,251,251,113,94,0,0,0,0,0,0,0,0,0,0,0,0,0,0,0,0,0,0,0,0,0,0,0,0,0,0,0,0,0,0,0,0,0,0,0,0,0,0,0,0,0,0,0,0,0,0,0,0,0,0,0,0,0,0,0,0,0,0,0,0,0,0,0,0,0,0,0,0,0,0,0,0,0,0,0,0,0,0,0,0,0,0,0,0,0,0,0,0,0,0,0,0,0,0,0,0,0,0,0,0,0,0,0,0,0,0,0,0,0,0,0,0,0,0,0,0,0,0,0,0,0,0,0,0,0,0,0,0,0,0,0,0,0,0,0,0,0,0,0,0,0,0,0,0,0,0,0,0,0,0,0,0,0,0,0,
10127,2,0,0,0,0,0,0,0,0,0,0,0,0,0,0,0,0,0,0,0,0,0,0,0,0,0,0,0,0,0,0,0,0,0,0,0,0,0,0,0,0,0,0,0,0,0,0,0,0,0,0,0,0,0,0,0,0,0,0,0,0,0,0,0,0,0,0,0,0,0,0,0,0,0,0,0,0,0,0,0,0,0,0,0,0,0,0,0,0,0,0,0,0,0,0,0,0,0,0,0,0,0,0,0,0,0,0,0,0,0,0,0,0,0,0,0,0,0,0,0,0,0,0,0,0,0,0,0,0,0,0,0,0,0,0,0,0,0,0,0,0,0,0,0,0,0,0,0,0,0,0,0,0,0,0,0,0,0,0,0,0,0,0,0,0,0,0,0,0,0,0,0,0,0,0,0,0,0,0,0,7,128,151,236,237,236,215,67,0,0,0,0,0,0,0,0,0,0,0,0,0,0,0,0,0,0,0,38,212,253,253,216,201,176,164,233,49,0,0,0,0,0,0,0,0,0,0,0,0,0,0,0,0,0,0,72,244,219,142,11,0,0,0,227,122,0,0,0,0,0,0,0,0,0,0,0,0,0,0,0,0,0,0,0,35,11,0,0,0,0,9,231,122,0,0,0,0,0,0,0,0,0,0,0,0,0,0,0,0,0,0,0,0,0,0,0,0,0,101,253,83,0,0,0,0,0,0,0,0,0,0,0,0,0,0,0,0,0,0,0,0,0,0,0,0,36,222,249,32,0,0,0,0,0,0,0,0,0,0,0,0,0,0,0,0,0,0,0,0,0,0,0,3,191,253,133,0,0,0,0,0,0,0,0,0,0,0,0,0,0,0,0,0,0,0,0,0,0,0,0,169,253,180,8,0,0,0,0,0,0,0,0,0,0,0,0,0,0,0,0,20,98,166,178,254,187,166,196,255,180,6,0,0,0,0,0,0,0,0,0,0,0,0,0,0,0,0,123,241,253,253,253,253,253,253,253,254,169,29,0,0,0,0,0,0,0,0,0,0,0,0,0,0,0,146,252,238,143,59,111,235,253,229,131,162,208,222,67,0,0,0,0,0,0,0,0,0,0,0,0,0,0,254,253,195,140,216,248,253,146,40,0,0,8,189,239,107,9,0,0,0,0,0,0,0,0,0,0,0,0,193,253,253,253,245,197,83,9,0,0,0,0,21,170,253,224,110,26,0,0,0,0,0,0,0,0,0,0,14,128,130,113,36,0,0,0,0,0,0,0,0,9,133,235,253,235,114,11,0,0,0,0,0,0,0,0,0,0,0,0,0,0,0,0,0,0,0,0,0,0,0,26,130,228,253,147,0,0,0,0,0,0,0,0,0,0,0,0,0,0,0,0,0,0,0,0,0,0,0,0,0,5,94,128,0,0,0,0,0,0,0,0,0,0,0,0,0,0,0,0,0,0,0,0,0,0,0,0,0,0,0,0,0,0,0,0,0,0,0,0,0,0,0,0,0,0,0,0,0,0,0,0,0,0,0,0,0,0,0,0,0,0,0,0,0,0,0,0,0,0,0,0,0,0,0,0,0,0,0,0,0,0,0,0,0,0,0,0,0,0,0,0,0,0,0,0,0,0,0,0,0,0,0,0,0,0,0,0,0,0,0,0,0,0,0,0,0,0,0,0,0,0,0,0,0,0,0,0,0,0,0,0,0,0,0,0,0,0,0,0,0,0,0,0,0,0,0,0,0,0,0,0,0,0,0,0,0,0,0,0,0,0,0,0,0,0,0,0,0,0,0,0,0,0,0,
10130,2,0,0,0,0,0,0,0,0,0,0,0,0,0,0,0,0,0,0,0,0,0,0,0,0,0,0,0,0,0,0,0,0,0,0,0,0,0,0,0,0,0,0,0,0,0,0,0,0,0,0,0,0,0,0,0,0,0,0,0,0,0,0,0,0,0,0,0,0,0,0,0,0,0,0,0,0,0,0,0,0,0,0,0,0,0,0,0,0,0,0,0,0,0,27,99,182,189,182,130,27,0,0,0,0,0,0,0,0,0,0,0,0,0,0,0,0,0,0,0,0,17,242,254,241,198,202,253,242,183,21,0,0,0,0,0,0,0,0,0,0,0,0,0,0,0,0,0,0,3,68,127,67,0,3,36,152,250,209,27,0,0,0,0,0,0,0,0,0,0,0,0,0,0,0,0,0,0,0,0,0,0,0,0,0,153,244,204,38,0,0,0,0,0,0,0,0,0,0,0,0,0,0,0,0,0,0,0,0,0,0,0,0,0,128,253,162,0,0,0,0,0,0,0,0,0,0,0,0,0,0,0,0,0,0,0,0,0,0,0,0,0,69,254,163,0,0,0,0,0,0,0,0,0,0,0,0,0,0,0,0,0,0,0,0,0,0,0,0,0,3,203,247,53,0,0,0,0,0,0,0,0,0,0,0,0,0,0,0,0,0,0,0,0,0,0,0,0,0,154,253,104,0,0,0,0,0,0,0,0,0,0,0,0,0,0,0,0,0,0,0,0,0,0,0,0,0,180,253,181,0,0,0,0,0,0,0,0,0,0,0,0,0,0,0,0,0,0,0,0,0,0,0,0,0,199,253,181,0,0,0,0,0,0,0,0,0,0,0,0,0,0,0,0,0,0,0,0,0,0,0,0,63,254,254,92,0,0,0,0,0,0,0,0,0,0,0,0,0,0,0,0,0,0,0,0,0,0,0,0,128,253,233,7,0,0,0,0,0,0,0,0,0,0,0,0,0,0,0,0,0,37,56,128,198,217,160,128,222,253,175,0,0,0,0,0,0,0,0,0,0,0,0,0,0,0,3,64,199,254,253,250,235,202,247,253,253,253,253,174,109,25,11,0,0,0,0,0,0,0,0,0,0,20,179,253,253,195,78,62,0,0,195,253,253,175,105,98,214,194,209,0,0,0,0,0,0,0,0,0,0,114,254,248,148,0,0,0,32,170,255,254,133,0,0,0,0,0,0,0,0,0,0,0,0,0,0,0,42,239,253,163,0,0,0,60,224,253,238,63,3,0,0,0,0,0,0,0,0,0,0,0,0,0,0,0,73,253,253,80,27,128,179,248,250,184,58,0,0,0,0,0,0,0,0,0,0,0,0,0,0,0,0,0,42,239,253,249,238,254,246,192,69,0,0,0,0,0,0,0,0,0,0,0,0,0,0,0,0,0,0,0,0,42,149,168,188,105,46,11,0,0,0,0,0,0,0,0,0,0,0,0,0,0,0,0,0,0,0,0,0,0,0,0,0,0,0,0,0,0,0,0,0,0,0,0,0,0,0,0,0,0,0,0,0,0,0,0,0,0,0,0,0,0,0,0,0,0,0,0,0,0,0,0,0,0,0,0,0,0,0,0,0,0,0,0,0,0,0,0,0,0,0,0,0,0,0,0,0,0,0,0,0,0,0,0,0,0,0,0,0,0,0,0,0,0,0,0,0,0,0,0,0,0,0,0,0,0,0,0,0,0,0,0,0,0,0,0,0,0,0,0,0,0,0,0,0,0,0,0,0,0,0,0,0,0,0,0,0,0,0,0,0,0,0,
109,2,0,0,0,0,0,0,0,0,0,0,0,0,0,0,0,0,0,0,0,0,0,0,0,0,0,0,0,0,0,0,0,0,0,0,0,0,0,0,0,0,0,0,0,0,0,0,0,0,0,0,0,0,0,0,0,0,0,0,0,0,0,0,0,0,0,0,0,0,0,0,0,0,0,0,0,0,0,0,0,0,0,0,0,0,0,0,0,0,0,0,0,0,0,0,0,0,0,0,0,0,0,0,0,0,0,0,0,0,0,0,0,0,0,0,0,0,0,0,0,0,0,0,0,0,0,0,0,0,0,0,0,0,0,0,0,0,0,0,0,0,0,0,0,0,0,0,0,0,0,0,0,0,0,0,0,0,0,0,0,0,0,0,0,0,0,0,0,0,0,0,0,0,0,0,0,0,0,41,152,152,152,86,29,0,0,0,0,0,0,0,0,0,0,0,0,0,0,0,0,0,0,0,0,64,190,247,254,254,254,254,233,51,0,0,0,0,0,0,0,0,0,0,0,0,0,0,0,0,0,0,0,233,244,195,135,216,244,254,254,37,0,0,0,0,0,0,0,0,0,0,0,0,0,0,0,0,0,0,0,0,0,0,0,0,11,254,254,129,0,0,0,0,0,0,0,0,0,0,0,0,0,0,0,0,0,0,0,0,0,0,0,0,3,180,254,213,0,0,0,0,0,0,0,0,0,0,0,0,0,0,0,0,0,0,0,0,0,0,0,6,119,247,254,131,0,0,0,0,0,0,0,0,0,0,0,0,0,0,0,0,0,0,0,0,0,2,74,192,254,244,163,8,0,0,0,0,0,0,0,0,0,0,0,0,0,0,0,0,0,0,0,0,28,142,254,254,251,85,0,0,0,0,0,0,0,0,0,0,0,0,0,0,0,0,0,0,0,0,0,4,184,254,233,151,26,0,0,0,0,0,0,0,0,0,0,0,13,22,13,0,0,0,0,0,0,0,0,64,254,249,0,0,0,0,0,0,0,0,0,40,60,72,168,168,216,254,218,0,0,0,0,0,0,0,0,147,254,253,141,67,0,0,76,99,167,207,207,238,254,254,254,254,254,227,111,0,0,0,0,0,0,0,0,6,187,254,254,251,245,245,252,254,254,254,254,248,227,227,153,119,59,8,0,0,0,0,0,0,0,0,0,0,59,129,228,254,254,254,254,254,213,189,88,62,0,0,0,0,0,0,0,0,0,0,0,0,0,0,0,0,0,0,26,124,151,151,151,144,16,0,0,0,0,0,0,0,0,0,0,0,0,0,0,0,0,0,0,0,0,0,0,0,0,0,0,0,0,0,0,0,0,0,0,0,0,0,0,0,0,0,0,0,0,0,0,0,0,0,0,0,0,0,0,0,0,0,0,0,0,0,0,0,0,0,0,0,0,0,0,0,0,0,0,0,0,0,0,0,0,0,0,0,0,0,0,0,0,0,0,0,0,0,0,0,0,0,0,0,0,0,0,0,0,0,0,0,0,0,0,0,0,0,0,0,0,0,0,0,0,0,0,0,0,0,0,0,0,0,0,0,0,0,0,0,0,0,0,0,0,0,0,0,0,0,0,0,0,0,0,0,0,0,0,0,0,0,0,0,0,0,0,0,0,0,0,0,0,0,0,0,0,0,0,0,0,0,0,0,0,0,0,0,0,0,0,0,0,0,0,0,0,0,0,0,0,0,0,0,0,0,0,0,0,0,0,0,0,0,0,0,0,0,0,0,0,0,0,0,0,0,0,0,0,0,0,0,0,0,0,0,0,0,0,0,
1096,2,0,0,0,0,0,0,0,0,0,0,0,0,0,0,0,0,0,0,0,0,0,0,0,0,0,0,0,0,0,0,0,0,0,0,0,0,0,0,0,0,0,0,0,0,0,0,0,0,0,0,0,0,0,0,0,0,0,0,0,0,0,0,0,0,0,0,0,0,0,0,0,128,255,64,0,0,0,0,0,0,0,0,0,0,0,0,0,0,0,0,0,0,0,0,0,0,0,0,0,191,255,255,64,0,0,0,0,0,0,0,0,0,0,0,0,0,0,0,0,0,0,0,0,0,0,0,0,128,255,255,191,0,0,0,0,0,0,0,0,0,0,0,0,0,0,0,0,0,0,0,0,0,0,0,0,128,255,255,255,191,0,0,0,0,0,0,0,0,0,0,0,0,0,0,0,0,0,0,0,0,0,0,0,0,191,255,255,255,191,0,0,0,0,0,0,0,0,0,0,0,0,0,0,0,0,0,0,0,0,0,0,0,0,255,255,255,255,64,0,0,0,0,0,0,0,0,0,0,0,0,0,0,0,0,0,0,0,0,0,0,0,191,255,255,255,64,0,0,0,0,0,0,0,0,0,0,0,0,0,0,0,0,0,0,0,0,0,0,0,191,255,255,191,0,0,0,0,0,0,0,0,0,0,0,0,0,0,0,0,0,0,0,0,0,0,0,64,255,255,255,64,0,0,0,0,0,0,0,0,0,0,0,0,0,0,0,0,0,0,0,0,0,0,64,255,255,255,255,0,0,0,0,0,0,0,0,0,0,0,0,0,0,0,0,0,0,0,0,0,64,191,255,255,255,191,0,0,0,0,0,0,0,0,0,0,0,0,0,0,0,0,0,0,0,0,128,191,255,255,255,255,255,64,0,0,0,0,0,0,0,0,0,0,0,0,0,0,0,0,0,0,64,128,255,255,255,255,255,255,64,0,0,0,0,0,0,0,0,0,0,0,0,0,0,0,0,64,128,128,255,255,255,255,255,255,64,0,0,0,0,0,0,0,0,0,0,0,0,0,0,0,0,0,128,255,255,255,255,255,255,255,255,0,0,0,0,0,0,0,128,255,255,0,0,0,0,0,0,0,0,128,255,255,255,255,255,255,255,191,128,128,128,128,128,128,191,255,255,255,128,0,0,0,0,0,0,0,0,255,255,255,255,255,255,255,255,255,255,255,255,255,255,255,255,255,255,191,0,0,0,0,0,0,0,0,0,64,191,255,255,255,255,255,255,255,255,255,255,255,255,255,255,255,191,0,0,0,0,0,0,0,0,0,0,0,0,0,64,64,128,191,128,255,255,255,255,255,191,128,128,64,0,0,0,0,0,0,0,0,0,0,0,0,0,0,0,0,0,0,0,0,0,64,128,64,0,0,0,0,0,0,0,0,0,0,0,0,0,0,0,0,0,0,0,0,0,0,0,0,0,0,0,0,0,0,0,0,0,0,0,0,0,0,0,0,0,0,0,0,0,0,0,0,0,0,0,0,0,0,0,0,0,0,0,0,0,0,0,0,0,0,0,0,0,0,0,0,0,0,0,0,0,0,0,0,0,0,0,0,0,0,0,0,0,0,0,0,0,0,0,0,0,0,0,0,0,0,0,0,0,0,0,0,0,0,0,0,0,0,0,0,0,0,0,0,0,0,0,0,0,0,0,0,0,0,0,0,0,0,0,0,0,0,0,0,0,0,0,0,0,0,0,0,0,0,0,0,0,0,0,0,0,0,0,0,0,0,0,0,0,0,0,0,0,0,0,0,0,0,0,0,0,0,0,
Id,Label,pixel 0,pixel 1,pixel 2,pixel 3,pixel 4,pixel 5,pixel 6,pixel 7,pixel 8,pixel 9,pixel 10,pixel 11,pixel 12,pixel 13,pixel 14,pixel 15,pixel 16,pixel 17,pixel 18,pixel 19,pixel 20,pixel 21,pixel 22,pixel 23,pixel 24,pixel 25,pixel 26,pixel 27,pixel 28,pixel 29,pixel 30,pixel 31,pixel 32,pixel 33,pixel 34,pixel 35,pixel 36,pixel 37,pixel 38,pixel 39,pixel 40,pixel 41,pixel 42,pixel 43,pixel 44,pixel 45,pixel 46,pixel 47,pixel 48,pixel 49,pixel 50,pixel 51,pixel 52,pixel 53,pixel 54,pixel 55,pixel 56,pixel 57,pixel 58,pixel 59,pixel 60,pixel 61,pixel 62,pixel 63,pixel 64,pixel 65,pixel 66,pixel 67,pixel 68,pixel 69,pixel 70,pixel 71,pixel 72,pixel 73,pixel 74,pixel 75,pixel 76,pixel 77,pixel 78,pixel 79,pixel 80,pixel 81,pixel 82,pixel 83,pixel 84,pixel 85,pixel 86,pixel 87,pixel 88,pixel 89,pixel 90,pixel 91,pixel 92,pixel 93,pixel 94,pixel 95,pixel 96,pixel 97,pixel 98,pixel 99,pixel 100,pixel 101,pixel 102,pixel 103,pixel 104,pixel 105,pixel 106,pixel 107,pixel 108,pixel 109,pixel 110,pixel 111,pixel 112,pixel 113,pixel 114,pixel 115,pixel 116,pixel 117,pixel 118,pixel 119,pixel 120,pixel 121,pixel 122,pixel 123,pixel 124,pixel 125,pixel 126,pixel 127,pixel 128,pixel 129,pixel 130,pixel 131,pixel 132,pixel 133,pixel 134,pixel 135,pixel 136,pixel 137,pixel 138,pixel 139,pixel 140,pixel 141,pixel 142,pixel 143,pixel 144,pixel 145,pixel 146,pixel 147,pixel 148,pixel 149,pixel 150,pixel 151,pixel 152,pixel 153,pixel 154,pixel 155,pixel 156,pixel 157,pixel 158,pixel 159,pixel 160,pixel 161,pixel 162,pixel 163,pixel 164,pixel 165,pixel 166,pixel 167,pixel 168,pixel 169,pixel 170,pixel 171,pixel 172,pixel 173,pixel 174,pixel 175,pixel 176,pixel 177,pixel 178,pixel 179,pixel 180,pixel 181,pixel 182,pixel 183,pixel 184,pixel 185,pixel 186,pixel 187,pixel 188,pixel 189,pixel 190,pixel 191,pixel 192,pixel 193,pixel 194,pixel 195,pixel 196,pixel 197,pixel 198,pixel 199,pixel 200,pixel 201,pixel 202,pixel 203,pixel 204,pixel 205,pixel 206,pixel 207,pixel 208,pixel 209,pixel 210,pixel 211,pixel 212,pixel 213,pixel 214,pixel 215,pixel 216,pixel 217,pixel 218,pixel 219,pixel 220,pixel 221,pixel 222,pixel 223,pixel 224,pixel 225,pixel 226,pixel 227,pixel 228,pixel 229,pixel 230,pixel 231,pixel 232,pixel 233,pixel 234,pixel 235,pixel 236,pixel 237,pixel 238,pixel 239,pixel 240,pixel 241,pixel 242,pixel 243,pixel 244,pixel 245,pixel 246,pixel 247,pixel 248,pixel 249,pixel 250,pixel 251,pixel 252,pixel 253,pixel 254,pixel 255,pixel 256,pixel 257,pixel 258,pixel 259,pixel 260,pixel 261,pixel 262,pixel 263,pixel 264,pixel 265,pixel 266,pixel 267,pixel 268,pixel 269,pixel 270,pixel 271,pixel 272,pixel 273,pixel 274,pixel 275,pixel 276,pixel 277,pixel 278,pixel 279,pixel 280,pixel 281,pixel 282,pixel 283,pixel 284,pixel 285,pixel 286,pixel 287,pixel 288,pixel 289,pixel 290,pixel 291,pixel 292,pixel 293,pixel 294,pixel 295,pixel 296,pixel 297,pixel 298,pixel 299,pixel 300,pixel 301,pixel 302,pixel 303,pixel 304,pixel 305,pixel 306,pixel 307,pixel 308,pixel 309,pixel 310,pixel 311,pixel 312,pixel 313,pixel 314,pixel 315,pixel 316,pixel 317,pixel 318,pixel 319,pixel 320,pixel 321,pixel 322,pixel 323,pixel 324,pixel 325,pixel 326,pixel 327,pixel 328,pixel 329,pixel 330,pixel 331,pixel 332,pixel 333,pixel 334,pixel 335,pixel 336,pixel 337,pixel 338,pixel 339,pixel 340,pixel 341,pixel 342,pixel 343,pixel 344,pixel 345,pixel 346,pixel 347,pixel 348,pixel 349,pixel 350,pixel 351,pixel 352,pixel 353,pixel 354,pixel 355,pixel 356,pixel 357,pixel 358,pixel 359,pixel 360,pixel 361,pixel 362,pixel 363,pixel 364,pixel 365,pixel 366,pixel 367,pixel 368,pixel 369,pixel 370,pixel 371,pixel 372,pixel 373,pixel 374,pixel 375,pixel 376,pixel 377,pixel 378,pixel 379,pixel 380,pixel 381,pixel 382,pixel 383,pixel 384,pixel 385,pixel 386,pixel 387,pixel 388,pixel 389,pixel 390,pixel 391,pixel 392,pixel 393,pixel 394,pixel 395,pixel 396,pixel 397,pixel 398,pixel 399,pixel 400,pixel 401,pixel 402,pixel 403,pixel 404,pixel 405,pixel 406,pixel 407,pixel 408,pixel 409,pixel 410,pixel 411,pixel 412,pixel 413,pixel 414,pixel 415,pixel 416,pixel 417,pixel 418,pixel 419,pixel 420,pixel 421,pixel 422,pixel 423,pixel 424,pixel 425,pixel 426,pixel 427,pixel 428,pixel 429,pixel 430,pixel 431,pixel 432,pixel 433,pixel 434,pixel 435,pixel 436,pixel 437,pixel 438,pixel 439,pixel 440,pixel 441,pixel 442,pixel 443,pixel 444,pixel 445,pixel 446,pixel 447,pixel 448,pixel 449,pixel 450,pixel 451,pixel 452,pixel 453,pixel 454,pixel 455,pixel 456,pixel 457,pixel 458,pixel 459,pixel 460,pixel 461,pixel 462,pixel 463,pixel 464,pixel 465,pixel 466,pixel 467,pixel 468,pixel 469,pixel 470,pixel 471,pixel 472,pixel 473,pixel 474,pixel 475,pixel 476,pixel 477,pixel 478,pixel 479,pixel 480,pixel 481,pixel 482,pixel 483,pixel 484,pixel 485,pixel 486,pixel 487,pixel 488,pixel 489,pixel 490,pixel 491,pixel 492,pixel 493,pixel 494,pixel 495,pixel 496,pixel 497,pixel 498,pixel 499,pixel 500,pixel 501,pixel 502,pixel 503,pixel 504,pixel 505,pixel 506,pixel 507,pixel 508,pixel 509,pixel 510,pixel 511,pixel 512,pixel 513,pixel 514,pixel 515,pixel 516,pixel 517,pixel 518,pixel 519,pixel 520,pixel 521,pixel 522,pixel 523,pixel 524,pixel 525,pixel 526,pixel 527,pixel 528,pixel 529,pixel 530,pixel 531,pixel 532,pixel 533,pixel 534,pixel 535,pixel 536,pixel 537,pixel 538,pixel 539,pixel 540,pixel 541,pixel 542,pixel 543,pixel 544,pixel 545,pixel 546,pixel 547,pixel 548,pixel 549,pixel 550,pixel 551,pixel 552,pixel 553,pixel 554,pixel 555,pixel 556,pixel 557,pixel 558,pixel 559,pixel 560,pixel 561,pixel 562,pixel 563,pixel 564,pixel 565,pixel 566,pixel 567,pixel 568,pixel 569,pixel 570,pixel 571,pixel 572,pixel 573,pixel 574,pixel 575,pixel 576,pixel 577,pixel 578,pixel 579,pixel 580,pixel 581,pixel 582,pixel 583,pixel 584,pixel 585,pixel 586,pixel 587,pixel 588,pixel 589,pixel 590,pixel 591,pixel 592,pixel 593,pixel 594,pixel 595,pixel 596,pixel 597,pixel 598,pixel 599,pixel 600,pixel 601,pixel 602,pixel 603,pixel 604,pixel 605,pixel 606,pixel 607,pixel 608,pixel 609,pixel 610,pixel 611,pixel 612,pixel 613,pixel 614,pixel 615,pixel 616,pixel 617,pixel 618,pixel 619,pixel 620,pixel 621,pixel 622,pixel 623,pixel 624,pixel 625,pixel 626,pixel 627,pixel 628,pixel 629,pixel 630,pixel 631,pixel 632,pixel 633,pixel 634,pixel 635,pixel 636,pixel 637,pixel 638,pixel 639,pixel 640,pixel 641,pixel 642,pixel 643,pixel 644,pixel 645,pixel 646,pixel 647,pixel 648,pixel 649,pixel 650,pixel 651,pixel 652,pixel 653,pixel 654,pixel 655,pixel 656,pixel 657,pixel 658,pixel 659,pixel 660,pixel 661,pixel 662,pixel 663,pixel 664,pixel 665,pixel 666,pixel 667,pixel 668,pixel 669,pixel 670,pixel 671,pixel 672,pixel 673,pixel 674,pixel 675,pixel 676,pixel 677,pixel 678,pixel 679,pixel 680,pixel 681,pixel 682,pixel 683,pixel 684,pixel 685,pixel 686,pixel 687,pixel 688,pixel 689,pixel 690,pixel 691,pixel 692,pixel 693,pixel 694,pixel 695,pixel 696,pixel 697,pixel 698,pixel 699,pixel 700,pixel 701,pixel 702,pixel 703,pixel 704,pixel 705,pixel 706,pixel 707,pixel 708,pixel 709,pixel 710,pixel 711,pixel 712,pixel 713,pixel 714,pixel 715,pixel 716,pixel 717,pixel 718,pixel 719,pixel 720,pixel 721,pixel 722,pixel 723,pixel 724,pixel 725,pixel 726,pixel 727,pixel 728,pixel 729,pixel 730,pixel 731,pixel 732,pixel 733,pixel 734,pixel 735,pixel 736,pixel 737,pixel 738,pixel 739,pixel 740,pixel 741,pixel 742,pixel 743,pixel 744,pixel 745,pixel 746,pixel 747,pixel 748,pixel 749,pixel 750,pixel 751,pixel 752,pixel 753,pixel 754,pixel 755,pixel 756,pixel 757,pixel 758,pixel 759,pixel 760,pixel 761,pixel 762,pixel 763,pixel 764,pixel 765,pixel 766,pixel 767,pixel 768,pixel 769,pixel 770,pixel 771,pixel 772,pixel 773,pixel 774,pixel 775,pixel 776,pixel 777,pixel 778,pixel 779,pixel 780,pixel 781,pixel 782,pixel 783,
1,0,0,0,0,0,0,0,0,0,0,0,0,0,0,0,0,0,0,0,0,0,0,0,0,0,0,0,0,0,0,0,0,0,0,0,0,0,0,0,0,0,0,0,0,0,0,0,0,0,0,0,0,0,0,0,0,0,0,0,0,0,0,0,0,0,0,0,0,0,0,0,0,0,0,0,0,0,0,0,0,0,0,0,0,0,0,0,0,0,0,0,0,0,0,0,0,0,0,0,0,0,0,0,0,0,0,0,0,0,0,0,0,0,0,0,0,0,0,0,0,0,0,0,0,0,0,0,0,51,159,253,159,50,0,0,0,0,0,0,0,0,0,0,0,0,0,0,0,0,0,0,0,0,0,0,48,238,252,252,252,237,0,0,0,0,0,0,0,0,0,0,0,0,0,0,0,0,0,0,0,0,0,54,227,253,252,239,233,252,57,6,0,0,0,0,0,0,0,0,0,0,0,0,0,0,0,0,0,10,60,224,252,253,252,202,84,252,253,122,0,0,0,0,0,0,0,0,0,0,0,0,0,0,0,0,0,163,252,252,252,253,252,252,96,189,253,167,0,0,0,0,0,0,0,0,0,0,0,0,0,0,0,0,51,238,253,253,190,114,253,228,47,79,255,168,0,0,0,0,0,0,0,0,0,0,0,0,0,0,0,48,238,252,252,179,12,75,121,21,0,0,253,243,50,0,0,0,0,0,0,0,0,0,0,0,0,0,38,165,253,233,208,84,0,0,0,0,0,0,253,252,165,0,0,0,0,0,0,0,0,0,0,0,0,7,178,252,240,71,19,28,0,0,0,0,0,0,253,252,195,0,0,0,0,0,0,0,0,0,0,0,0,57,252,252,63,0,0,0,0,0,0,0,0,0,253,252,195,0,0,0,0,0,0,0,0,0,0,0,0,198,253,190,0,0,0,0,0,0,0,0,0,0,255,253,196,0,0,0,0,0,0,0,0,0,0,0,76,246,252,112,0,0,0,0,0,0,0,0,0,0,253,252,148,0,0,0,0,0,0,0,0,0,0,0,85,252,230,25,0,0,0,0,0,0,0,0,7,135,253,186,12,0,0,0,0,0,0,0,0,0,0,0,85,252,223,0,0,0,0,0,0,0,0,7,131,252,225,71,0,0,0,0,0,0,0,0,0,0,0,0,85,252,145,0,0,0,0,0,0,0,48,165,252,173,0,0,0,0,0,0,0,0,0,0,0,0,0,0,86,253,225,0,0,0,0,0,0,114,238,253,162,0,0,0,0,0,0,0,0,0,0,0,0,0,0,0,85,252,249,146,48,29,85,178,225,253,223,167,56,0,0,0,0,0,0,0,0,0,0,0,0,0,0,0,85,252,252,252,229,215,252,252,252,196,130,0,0,0,0,0,0,0,0,0,0,0,0,0,0,0,0,0,28,199,252,252,253,252,252,233,145,0,0,0,0,0,0,0,0,0,0,0,0,0,0,0,0,0,0,0,0,25,128,252,253,252,141,37,0,0,0,0,0,0,0,0,0,0,0,0,0,0,0,0,0,0,0,0,0,0,0,0,0,0,0,0,0,0,0,0,0,0,0,0,0,0,0,0,0,0,0,0,0,0,0,0,0,0,0,0,0,0,0,0,0,0,0,0,0,0,0,0,0,0,0,0,0,0,0,0,0,0,0,0,0,0,0,0,0,0,0,0,0,0,0,0,0,0,0,0,0,0,0,0,0,0,0,0,0,0,0,0,0,0,0,0,0,0,0,0,0,0,0,0,0,0,0,0,0,0,0,0,0,0,
192,0,0,0,0,0,0,0,0,0,0,0,0,0,0,0,0,0,0,0,0,0,0,0,0,0,0,0,0,0,0,0,0,0,0,0,0,0,0,0,0,0,0,0,0,0,0,0,0,0,0,0,0,0,0,0,0,0,0,0,0,0,0,0,0,0,0,0,0,0,0,0,0,0,0,0,0,0,0,0,0,0,0,0,0,0,0,0,0,0,0,0,0,0,0,0,0,0,0,0,70,255,165,114,0,0,0,0,0,0,0,0,0,0,0,0,0,0,0,0,0,0,0,0,0,0,0,0,122,253,253,253,120,0,0,0,0,0,0,0,0,0,0,0,0,0,0,0,0,0,0,0,0,0,0,0,165,253,253,253,234,52,0,0,0,0,0,0,0,0,0,0,0,0,0,0,0,0,0,0,0,0,0,0,99,253,253,253,253,228,26,0,0,0,0,0,0,0,0,0,0,0,0,0,0,0,0,0,0,0,60,168,238,202,174,253,253,253,127,0,0,0,0,0,0,0,0,0,0,0,0,0,0,0,0,0,91,81,1,215,128,28,12,181,253,253,175,3,0,0,0,0,0,0,0,0,0,0,0,0,0,0,0,18,204,253,77,0,0,0,0,7,253,253,253,54,0,0,0,0,0,0,0,0,0,0,0,0,0,0,54,248,253,253,143,0,0,0,0,1,127,253,253,188,0,0,0,0,0,0,0,0,0,0,0,0,0,0,104,253,253,253,20,0,0,0,0,0,81,249,253,191,0,0,0,0,0,0,0,0,0,0,0,0,0,0,192,253,253,218,5,0,0,0,0,0,0,203,253,208,21,0,0,0,0,0,0,0,0,0,0,0,0,56,237,253,250,100,0,0,0,0,0,0,0,104,253,253,75,0,0,0,0,0,0,0,0,0,0,0,0,76,253,253,224,0,0,0,0,0,0,0,0,119,253,253,75,0,0,0,0,0,0,0,0,0,0,0,0,80,253,253,103,0,0,0,0,0,0,0,4,241,253,218,32,0,0,0,0,0,0,0,0,0,0,0,0,213,253,253,103,0,0,0,0,0,0,0,125,253,253,191,0,0,0,0,0,0,0,0,0,0,0,0,0,213,253,253,103,0,0,0,0,0,0,3,176,253,253,135,0,0,0,0,0,0,0,0,0,0,0,0,0,213,253,253,103,0,0,0,0,0,9,162,253,253,226,37,0,0,0,0,0,0,0,0,0,0,0,0,0,179,253,253,135,0,0,0,0,46,157,253,253,253,63,0,0,0,0,0,0,0,0,0,0,0,0,0,0,23,188,253,249,179,179,179,179,233,253,253,233,156,10,0,0,0,0,0,0,0,0,0,0,0,0,0,0,0,51,235,253,253,253,253,253,253,251,232,120,0,0,0,0,0,0,0,0,0,0,0,0,0,0,0,0,0,0,16,124,253,253,253,253,152,104,0,0,0,0,0,0,0,0,0,0,0,0,0,0,0,0,0,0,0,0,0,0,0,0,0,0,0,0,0,0,0,0,0,0,0,0,0,0,0,0,0,0,0,0,0,0,0,0,0,0,0,0,0,0,0,0,0,0,0,0,0,0,0,0,0,0,0,0,0,0,0,0,0,0,0,0,0,0,0,0,0,0,0,0,0,0,0,0,0,0,0,0,0,0,0,0,0,0,0,0,0,0,0,0,0,0,0,0,0,0,0,0,0,0,0,0,0,0,0,0,0,0,0,0,0,0,0,0,0,0,0,0,0,0,0,0,0,0,0,0,0,0,0,0,0,0,0,0,0,0,0,
21,0,0,0,0,0,0,0,0,0,0,0,0,0,0,0,0,0,0,0,0,0,0,0,0,0,0,0,0,0,0,0,0,0,0,0,0,0,0,0,0,0,0,0,0,0,0,0,0,0,0,0,0,0,0,0,0,0,0,0,0,0,0,0,0,0,0,0,0,0,0,0,0,0,0,0,0,0,0,0,0,0,0,0,0,0,0,0,0,0,0,0,0,0,0,0,0,0,0,0,0,0,0,0,0,0,0,0,0,0,0,0,0,0,0,0,0,0,0,0,0,0,0,0,0,0,0,0,0,0,0,64,253,255,63,0,0,0,0,0,0,0,0,0,0,0,0,0,0,0,0,0,0,0,0,0,0,0,96,205,251,253,205,111,4,0,0,0,0,0,0,0,0,0,0,0,0,0,0,0,0,0,0,0,0,96,189,251,251,253,251,251,31,0,0,0,0,0,0,0,0,0,0,0,0,0,0,0,0,0,16,64,223,244,251,251,211,213,251,251,31,0,0,0,0,0,0,0,0,0,0,0,0,0,0,0,0,80,181,251,253,251,251,251,94,96,251,251,31,0,0,0,0,0,0,0,0,0,0,0,0,0,0,0,92,253,253,253,255,253,253,253,95,96,253,253,31,0,0,0,0,0,0,0,0,0,0,0,0,0,0,92,236,251,243,220,233,251,251,243,82,96,251,251,31,0,0,0,0,0,0,0,0,0,0,0,0,0,80,253,251,251,188,0,96,251,251,109,0,96,251,251,31,0,0,0,0,0,0,0,0,0,0,0,0,96,240,253,243,188,42,0,96,204,109,4,0,12,197,251,31,0,0,0,0,0,0,0,0,0,0,0,0,221,251,253,121,0,0,0,36,23,0,0,0,0,190,251,31,0,0,0,0,0,0,0,0,0,0,0,48,234,253,0,0,0,0,0,0,0,0,0,0,0,191,253,31,0,0,0,0,0,0,0,0,0,0,44,221,251,251,0,0,0,0,0,0,0,0,0,0,12,197,251,31,0,0,0,0,0,0,0,0,0,0,190,251,251,251,0,0,0,0,0,0,0,0,0,0,96,251,251,31,0,0,0,0,0,0,0,0,0,0,190,251,251,113,0,0,0,0,0,0,0,0,0,40,234,251,219,23,0,0,0,0,0,0,0,0,0,0,190,251,251,94,0,0,0,0,0,0,0,0,40,217,253,231,47,0,0,0,0,0,0,0,0,0,0,0,191,253,253,253,0,0,0,0,0,0,12,174,253,253,219,39,0,0,0,0,0,0,0,0,0,0,0,0,67,236,251,251,191,190,111,72,190,191,197,251,243,121,39,0,0,0,0,0,0,0,0,0,0,0,0,0,0,63,236,251,253,251,251,251,251,253,251,188,94,0,0,0,0,0,0,0,0,0,0,0,0,0,0,0,0,0,27,129,253,251,251,251,251,229,168,15,0,0,0,0,0,0,0,0,0,0,0,0,0,0,0,0,0,0,0,0,95,212,251,211,94,59,0,0,0,0,0,0,0,0,0,0,0,0,0,0,0,0,0,0,0,0,0,0,0,0,0,0,0,0,0,0,0,0,0,0,0,0,0,0,0,0,0,0,0,0,0,0,0,0,0,0,0,0,0,0,0,0,0,0,0,0,0,0,0,0,0,0,0,0,0,0,0,0,0,0,0,0,0,0,0,0,0,0,0,0,0,0,0,0,0,0,0,0,0,0,0,0,0,0,0,0,0,0,0,0,0,0,0,0,0,0,0,0,0,0,0,0,0,0,0,0,0,0,0,0,0,
34,0,0,0,0,0,0,0,0,0,0,0,0,0,0,0,0,0,0,0,0,0,0,0,0,0,0,0,0,0,0,0,0,0,0,0,0,0,0,0,0,0,0,0,0,0,0,0,0,0,0,0,0,0,0,0,0,0,0,0,0,0,0,0,0,0,0,0,0,0,0,0,0,0,0,0,0,0,0,0,0,0,0,0,0,0,0,0,0,0,0,0,0,0,0,0,0,0,0,0,0,0,0,0,0,0,0,0,0,0,0,0,0,0,0,0,0,0,0,0,0,0,0,0,0,0,0,0,0,0,0,0,0,0,0,0,0,0,0,0,0,0,0,0,0,0,0,0,0,0,0,0,0,0,0,0,53,255,253,253,253,124,0,0,0,0,0,0,0,0,0,0,0,0,0,0,0,0,0,0,0,0,0,0,180,253,251,251,251,251,145,62,0,0,0,0,0,0,0,0,0,0,0,0,0,0,0,0,0,0,32,217,241,253,251,251,251,251,253,107,0,0,0,0,0,0,0,0,0,0,0,0,0,0,0,0,0,0,37,251,251,253,251,251,251,251,253,107,0,0,0,0,0,0,0,0,0,0,0,0,0,0,0,0,0,0,166,251,251,253,251,96,148,251,253,107,0,0,0,0,0,0,0,0,0,0,0,0,0,0,0,0,73,253,253,253,253,130,0,0,110,253,255,108,0,0,0,0,0,0,0,0,0,0,0,0,0,0,0,0,73,251,251,251,251,0,0,0,109,251,253,107,0,0,0,0,0,0,0,0,0,0,0,0,0,0,0,0,202,251,251,251,225,0,0,6,129,251,253,107,0,0,0,0,0,0,0,0,0,0,0,0,0,0,0,0,150,251,251,251,71,0,0,115,251,251,253,107,0,0,0,0,0,0,0,0,0,0,0,0,0,0,0,0,253,251,251,173,20,0,0,217,251,251,253,107,0,0,0,0,0,0,0,0,0,0,0,0,0,0,0,182,255,253,216,0,0,0,0,218,253,253,182,0,0,0,0,0,0,0,0,0,0,0,0,0,0,0,63,221,253,251,215,0,0,0,84,236,251,251,77,0,0,0,0,0,0,0,0,0,0,0,0,0,0,0,109,251,253,251,215,0,0,11,160,251,251,96,0,0,0,0,0,0,0,0,0,0,0,0,0,0,0,0,109,251,253,251,137,0,0,150,251,251,251,71,0,0,0,0,0,0,0,0,0,0,0,0,0,0,0,0,109,251,253,251,35,0,130,253,251,251,173,20,0,0,0,0,0,0,0,0,0,0,0,0,0,0,0,0,110,253,255,253,98,150,253,255,253,164,0,0,0,0,0,0,0,0,0,0,0,0,0,0,0,0,0,0,109,251,253,251,251,251,251,253,251,35,0,0,0,0,0,0,0,0,0,0,0,0,0,0,0,0,0,0,93,241,253,251,251,251,251,216,112,5,0,0,0,0,0,0,0,0,0,0,0,0,0,0,0,0,0,0,0,103,253,251,251,251,251,0,0,0,0,0,0,0,0,0,0,0,0,0,0,0,0,0,0,0,0,0,0,0,124,251,225,71,71,0,0,0,0,0,0,0,0,0,0,0,0,0,0,0,0,0,0,0,0,0,0,0,0,0,0,0,0,0,0,0,0,0,0,0,0,0,0,0,0,0,0,0,0,0,0,0,0,0,0,0,0,0,0,0,0,0,0,0,0,0,0,0,0,0,0,0,0,0,0,0,0,0,0,0,0,0,0,0,0,0,0,0,0,0,0,0,0,0,0,0,0,0,0,0,0,0,
75,0,0,0,0,0,0,0,0,0,0,0,0,0,0,0,0,0,0,0,0,0,0,0,0,0,0,0,0,0,0,0,0,0,0,0,0,0,0,0,0,0,0,0,0,0,0,0,0,0,0,0,0,0,0,0,0,0,0,0,0,0,0,0,0,0,0,0,0,0,0,0,0,0,0,0,0,0,0,0,0,0,0,0,0,0,0,0,0,0,0,0,0,0,0,0,0,0,0,0,0,0,0,0,0,0,0,0,0,0,0,0,0,0,0,0,0,0,0,0,0,0,0,0,0,0,0,0,0,0,0,0,0,0,0,0,0,0,0,0,0,0,0,0,0,0,0,0,0,0,0,0,0,0,0,0,62,91,213,255,228,91,12,0,0,0,0,0,0,0,0,0,0,0,0,0,0,0,0,0,0,0,0,70,230,253,253,253,253,253,152,7,0,0,0,0,0,0,0,0,0,0,0,0,0,0,0,0,0,0,0,246,253,253,253,253,253,253,253,106,0,0,0,0,0,0,0,0,0,0,0,0,0,0,0,0,0,0,21,247,253,253,253,253,253,253,208,24,0,0,0,0,0,0,0,0,0,0,0,0,0,0,0,0,0,0,156,253,253,253,253,253,253,253,195,0,0,0,0,0,0,0,0,0,0,0,0,0,0,0,0,0,0,88,238,253,253,253,221,253,253,253,195,0,0,0,0,0,0,0,0,0,0,0,0,0,0,0,0,0,0,230,253,253,253,198,40,177,253,253,195,0,0,0,0,0,0,0,0,0,0,0,0,0,0,0,0,56,156,251,253,189,182,15,0,86,240,253,210,28,0,0,0,0,0,0,0,0,0,0,0,0,0,0,0,213,253,253,156,3,0,0,0,0,205,253,253,106,0,0,0,0,0,0,0,0,0,0,0,0,0,0,121,252,253,135,3,0,0,0,0,0,46,253,253,106,0,0,0,0,0,0,0,0,0,0,0,0,0,28,212,253,248,23,0,0,0,0,0,0,42,253,253,106,0,0,0,0,0,0,0,0,0,0,0,0,0,197,253,234,70,0,0,0,0,0,0,0,42,253,253,106,0,0,0,0,0,0,0,0,0,0,0,0,11,202,253,187,0,0,0,0,0,0,0,0,58,253,210,27,0,0,0,0,0,0,0,0,0,0,0,0,107,253,253,40,0,0,0,0,0,0,0,53,227,253,195,0,0,0,0,0,0,0,0,0,0,0,0,0,107,253,253,40,0,0,0,0,0,0,47,227,253,231,58,0,0,0,0,0,0,0,0,0,0,0,0,0,107,253,253,40,0,0,0,0,5,131,222,253,231,59,0,0,0,0,0,0,0,0,0,0,0,0,0,0,14,204,253,226,222,73,58,58,170,253,253,227,58,0,0,0,0,0,0,0,0,0,0,0,0,0,0,0,0,197,253,253,253,253,253,253,253,253,238,58,0,0,0,0,0,0,0,0,0,0,0,0,0,0,0,0,0,33,179,241,253,253,253,253,250,116,14,0,0,0,0,0,0,0,0,0,0,0,0,0,0,0,0,0,0,0,0,75,179,253,151,89,86,0,0,0,0,0,0,0,0,0,0,0,0,0,0,0,0,0,0,0,0,0,0,0,0,0,0,0,0,0,0,0,0,0,0,0,0,0,0,0,0,0,0,0,0,0,0,0,0,0,0,0,0,0,0,0,0,0,0,0,0,0,0,0,0,0,0,0,0,0,0,0,0,0,0,0,0,0,0,0,0,0,0,0,0,0,0,0,0,0,0,0,0,0,0,0,0,0,
81,0,0,0,0,0,0,0,0,0,0,0,0,0,0,0,0,0,0,0,0,0,0,0,0,0,0,0,0,0,0,0,0,0,0,0,0,0,0,0,0,0,0,0,0,0,0,0,0,0,0,0,0,0,0,0,0,0,0,0,0,0,0,0,0,0,0,0,0,0,0,0,0,0,0,0,0,0,0,0,0,0,0,0,0,0,0,0,0,0,0,0,0,0,0,0,0,0,0,0,0,0,0,0,0,0,0,0,0,0,0,0,0,0,0,0,0,0,0,0,0,0,0,0,0,0,0,0,0,0,0,0,0,0,0,0,0,0,0,0,0,0,0,0,0,0,0,0,0,0,0,0,0,0,0,28,195,254,254,254,254,254,255,61,0,0,0,0,0,0,0,0,0,0,0,0,0,0,0,0,0,0,6,191,253,253,253,253,253,253,253,60,0,0,0,0,0,0,0,0,0,0,0,0,0,0,0,0,0,26,190,253,253,253,253,240,191,242,253,60,0,0,0,0,0,0,0,0,0,0,0,0,0,0,0,0,15,187,253,253,253,253,253,200,0,211,253,60,0,0,0,0,0,0,0,0,0,0,0,0,0,0,0,22,66,253,253,253,253,241,209,44,23,218,253,60,0,0,0,0,0,0,0,0,0,0,0,0,0,0,0,124,253,253,253,253,253,182,0,0,131,253,253,60,0,0,0,0,0,0,0,0,0,0,0,0,0,0,0,38,217,253,253,244,111,37,0,0,131,253,253,60,0,0,0,0,0,0,0,0,0,0,0,0,0,0,0,124,253,253,253,165,0,0,0,22,182,253,253,60,0,0,0,0,0,0,0,0,0,0,0,0,0,0,0,124,253,253,240,45,0,0,0,53,253,253,249,58,0,0,0,0,0,0,0,0,0,0,0,0,0,0,16,168,253,216,45,0,0,0,0,53,253,253,138,0,0,0,0,0,0,0,0,0,0,0,0,0,0,0,159,253,253,147,0,0,0,0,0,53,253,253,138,0,0,0,0,0,0,0,0,0,0,0,0,0,0,136,252,253,227,5,0,0,0,0,0,53,253,243,101,0,0,0,0,0,0,0,0,0,0,0,0,0,0,140,253,253,124,0,0,0,0,0,0,156,253,218,0,0,0,0,0,0,0,0,0,0,0,0,0,0,13,164,253,142,5,0,0,0,0,0,32,233,253,218,0,0,0,0,0,0,0,0,0,0,0,0,0,0,62,253,253,130,0,0,0,0,0,37,203,253,253,127,0,0,0,0,0,0,0,0,0,0,0,0,0,0,62,253,253,147,36,36,36,36,151,222,253,245,127,8,0,0,0,0,0,0,0,0,0,0,0,0,0,0,34,202,253,253,253,253,253,253,253,253,253,200,0,0,0,0,0,0,0,0,0,0,0,0,0,0,0,0,0,140,253,253,253,253,253,253,253,248,235,65,0,0,0,0,0,0,0,0,0,0,0,0,0,0,0,0,0,87,173,253,253,253,253,253,253,182,0,0,0,0,0,0,0,0,0,0,0,0,0,0,0,0,0,0,0,0,14,78,96,253,253,253,137,56,0,0,0,0,0,0,0,0,0,0,0,0,0,0,0,0,0,0,0,0,0,0,0,0,0,0,0,0,0,0,0,0,0,0,0,0,0,0,0,0,0,0,0,0,0,0,0,0,0,0,0,0,0,0,0,0,0,0,0,0,0,0,0,0,0,0,0,0,0,0,0,0,0,0,0,0,0,0,0,0,0,0,0,0,0,0,0,0,0,0,0,0,0,0,0,0,
134,1,0,0,0,0,0,0,0,0,0,0,0,0,0,0,0,0,0,0,0,0,0,0,0,0,0,0,0,0,0,0,0,0,0,0,0,0,0,0,0,0,0,0,0,0,0,0,0,0,0,0,0,0,0,0,0,0,0,0,0,0,0,0,0,0,0,0,0,0,0,0,0,0,0,0,0,0,0,0,0,0,0,0,0,0,0,0,0,0,0,0,0,0,0,0,0,0,0,0,0,0,0,0,0,0,0,0,0,0,0,0,0,0,0,0,0,0,0,0,0,85,253,132,9,0,0,0,0,0,0,0,0,0,0,0,0,0,0,0,0,0,0,0,0,0,0,0,82,241,251,251,128,0,0,0,0,0,0,0,0,0,0,0,0,0,0,0,0,0,0,0,0,0,0,0,175,251,251,251,245,121,0,0,0,0,0,0,0,0,0,0,0,0,0,0,0,0,0,0,0,0,0,0,13,204,251,251,251,245,107,0,0,0,0,0,0,0,0,0,0,0,0,0,0,0,0,0,0,0,0,0,0,39,251,251,251,251,167,22,0,0,0,0,0,0,0,0,0,0,0,0,0,0,0,0,0,0,0,0,0,15,155,251,251,251,251,177,0,0,0,0,0,0,0,0,0,0,0,0,0,0,0,0,0,0,0,0,0,0,15,157,248,251,251,251,165,0,0,0,0,0,0,0,0,0,0,0,0,0,0,0,0,0,0,0,0,0,0,0,214,251,251,251,212,78,24,0,0,0,0,0,0,0,0,0,0,0,0,0,0,0,0,0,0,0,0,0,109,251,251,251,253,251,170,10,0,0,0,0,0,0,0,0,0,0,0,0,0,0,0,0,0,0,0,0,5,57,162,251,253,251,251,18,0,0,0,0,0,0,0,0,0,0,0,0,0,0,0,0,0,0,0,0,0,0,106,239,255,253,253,213,0,0,0,0,0,0,0,0,0,0,0,0,0,0,0,0,0,0,0,0,0,0,0,105,253,251,251,230,72,0,0,0,0,0,0,0,0,0,0,0,0,0,0,0,0,0,0,0,0,0,0,0,253,251,251,251,221,67,0,0,0,0,0,0,0,0,0,0,0,0,0,0,0,0,0,0,0,0,0,0,72,251,251,251,251,96,0,0,0,0,0,0,0,0,0,0,0,0,0,0,0,0,0,0,0,0,0,0,36,199,251,251,251,155,15,0,0,0,0,0,0,0,0,0,0,0,0,0,0,0,0,0,0,0,0,0,0,45,204,251,251,251,157,0,0,0,0,0,0,0,0,0,0,0,0,0,0,0,0,0,0,0,0,0,0,0,161,249,251,251,248,147,0,0,0,0,0,0,0,0,0,0,0,0,0,0,0,0,0,0,0,0,0,0,0,233,251,251,251,173,0,0,0,0,0,0,0,0,0,0,0,0,0,0,0,0,0,0,0,0,0,0,0,233,251,251,251,173,0,0,0,0,0,0,0,0,0,0,0,0,0,0,0,0,0,0,0,0,0,0,0,53,131,251,251,173,0,0,0,0,0,0,0,0,0,0,0,0,0,0,0,0,0,0,0,0,0,0,0,0,0,0,0,0,0,0,0,0,0,0,0,0,0,0,0,0,0,0,0,0,0,0,0,0,0,0,0,0,0,0,0,0,0,0,0,0,0,0,0,0,0,0,0,0,0,0,0,0,0,0,0,0,0,0,0,0,0,0,0,0,0,0,0,0,0,0,0,0,0,0,0,0,0,0,0,0,0,0,0,0,0,0,0,0,0,0,0,0,0,0,0,0,0,0,
3,1,0,0,0,0,0,0,0,0,0,0,0,0,0,0,0,0,0,0,0,0,0,0,0,0,0,0,0,0,0,0,0,0,0,0,0,0,0,0,0,0,0,0,0,0,0,0,0,0,0,0,0,0,0,0,0,0,0,0,0,0,0,0,0,0,0,0,0,0,0,0,0,0,0,0,0,0,0,0,0,0,0,0,0,0,0,0,0,0,0,0,0,0,0,0,0,0,0,0,0,0,0,0,0,0,0,0,0,0,0,0,0,0,0,0,0,0,0,0,0,0,0,0,0,0,0,0,0,0,0,0,0,0,0,0,0,0,0,0,0,0,0,0,0,0,0,0,0,0,0,0,0,0,0,0,0,0,0,0,124,253,255,63,0,0,0,0,0,0,0,0,0,0,0,0,0,0,0,0,0,0,0,0,0,0,0,96,244,251,253,62,0,0,0,0,0,0,0,0,0,0,0,0,0,0,0,0,0,0,0,0,0,0,0,127,251,251,253,62,0,0,0,0,0,0,0,0,0,0,0,0,0,0,0,0,0,0,0,0,0,0,68,236,251,211,31,8,0,0,0,0,0,0,0,0,0,0,0,0,0,0,0,0,0,0,0,0,0,60,228,251,251,94,0,0,0,0,0,0,0,0,0,0,0,0,0,0,0,0,0,0,0,0,0,0,0,155,253,253,189,0,0,0,0,0,0,0,0,0,0,0,0,0,0,0,0,0,0,0,0,0,0,0,20,253,251,235,66,0,0,0,0,0,0,0,0,0,0,0,0,0,0,0,0,0,0,0,0,0,0,32,205,253,251,126,0,0,0,0,0,0,0,0,0,0,0,0,0,0,0,0,0,0,0,0,0,0,0,104,251,253,184,15,0,0,0,0,0,0,0,0,0,0,0,0,0,0,0,0,0,0,0,0,0,0,80,240,251,193,23,0,0,0,0,0,0,0,0,0,0,0,0,0,0,0,0,0,0,0,0,0,0,32,253,253,253,159,0,0,0,0,0,0,0,0,0,0,0,0,0,0,0,0,0,0,0,0,0,0,0,151,251,251,251,39,0,0,0,0,0,0,0,0,0,0,0,0,0,0,0,0,0,0,0,0,0,0,48,221,251,251,172,0,0,0,0,0,0,0,0,0,0,0,0,0,0,0,0,0,0,0,0,0,0,0,234,251,251,196,12,0,0,0,0,0,0,0,0,0,0,0,0,0,0,0,0,0,0,0,0,0,0,0,253,251,251,89,0,0,0,0,0,0,0,0,0,0,0,0,0,0,0,0,0,0,0,0,0,0,0,159,255,253,253,31,0,0,0,0,0,0,0,0,0,0,0,0,0,0,0,0,0,0,0,0,0,0,48,228,253,247,140,8,0,0,0,0,0,0,0,0,0,0,0,0,0,0,0,0,0,0,0,0,0,0,64,251,253,220,0,0,0,0,0,0,0,0,0,0,0,0,0,0,0,0,0,0,0,0,0,0,0,0,64,251,253,220,0,0,0,0,0,0,0,0,0,0,0,0,0,0,0,0,0,0,0,0,0,0,0,0,24,193,253,220,0,0,0,0,0,0,0,0,0,0,0,0,0,0,0,0,0,0,0,0,0,0,0,0,0,0,0,0,0,0,0,0,0,0,0,0,0,0,0,0,0,0,0,0,0,0,0,0,0,0,0,0,0,0,0,0,0,0,0,0,0,0,0,0,0,0,0,0,0,0,0,0,0,0,0,0,0,0,0,0,0,0,0,0,0,0,0,0,0,0,0,0,0,0,0,0,0,0,0,0,
72,1,0,0,0,0,0,0,0,0,0,0,0,0,0,0,0,0,0,0,0,0,0,0,0,0,0,0,0,0,0,0,0,0,0,0,0,0,0,0,0,0,0,0,0,0,0,0,0,0,0,0,0,0,0,0,0,0,0,0,0,0,0,0,0,0,0,0,0,0,0,0,0,0,0,0,0,0,0,0,0,0,0,0,0,0,0,0,0,0,0,0,0,0,0,0,0,0,0,0,0,0,0,0,0,0,0,0,0,0,0,0,0,0,0,0,0,0,0,0,0,0,0,0,0,0,26,240,72,0,0,0,0,0,0,0,0,0,0,0,0,0,0,0,0,0,0,0,0,0,0,0,0,0,25,238,208,0,0,0,0,0,0,0,0,0,0,0,0,0,0,0,0,0,0,0,0,0,0,0,0,0,0,209,226,14,0,0,0,0,0,0,0,0,0,0,0,0,0,0,0,0,0,0,0,0,0,0,0,0,0,209,254,43,0,0,0,0,0,0,0,0,0,0,0,0,0,0,0,0,0,0,0,0,0,0,0,0,0,175,254,128,0,0,0,0,0,0,0,0,0,0,0,0,0,0,0,0,0,0,0,0,0,0,0,0,0,63,254,204,0,0,0,0,0,0,0,0,0,0,0,0,0,0,0,0,0,0,0,0,0,0,0,0,0,107,254,204,0,0,0,0,0,0,0,0,0,0,0,0,0,0,0,0,0,0,0,0,0,0,0,0,0,88,254,204,0,0,0,0,0,0,0,0,0,0,0,0,0,0,0,0,0,0,0,0,0,0,0,0,0,55,254,204,0,0,0,0,0,0,0,0,0,0,0,0,0,0,0,0,0,0,0,0,0,0,0,0,0,126,254,204,0,0,0,0,0,0,0,0,0,0,0,0,0,0,0,0,0,0,0,0,0,0,0,0,0,126,254,189,0,0,0,0,0,0,0,0,0,0,0,0,0,0,0,0,0,0,0,0,0,0,0,0,0,169,254,121,0,0,0,0,0,0,0,0,0,0,0,0,0,0,0,0,0,0,0,0,0,0,0,0,0,209,254,193,0,0,0,0,0,0,0,0,0,0,0,0,0,0,0,0,0,0,0,0,0,0,0,0,0,209,254,111,0,0,0,0,0,0,0,0,0,0,0,0,0,0,0,0,0,0,0,0,0,0,0,0,22,235,254,37,0,0,0,0,0,0,0,0,0,0,0,0,0,0,0,0,0,0,0,0,0,0,0,0,137,254,227,16,0,0,0,0,0,0,0,0,0,0,0,0,0,0,0,0,0,0,0,0,0,0,0,0,205,255,185,0,0,0,0,0,0,0,0,0,0,0,0,0,0,0,0,0,0,0,0,0,0,0,0,0,205,254,125,0,0,0,0,0,0,0,0,0,0,0,0,0,0,0,0,0,0,0,0,0,0,0,0,0,205,254,125,0,0,0,0,0,0,0,0,0,0,0,0,0,0,0,0,0,0,0,0,0,0,0,0,0,111,212,43,0,0,0,0,0,0,0,0,0,0,0,0,0,0,0,0,0,0,0,0,0,0,0,0,0,0,0,0,0,0,0,0,0,0,0,0,0,0,0,0,0,0,0,0,0,0,0,0,0,0,0,0,0,0,0,0,0,0,0,0,0,0,0,0,0,0,0,0,0,0,0,0,0,0,0,0,0,0,0,0,0,0,0,0,0,0,0,0,0,0,0,0,0,0,0,0,0,0,0,0,0,0,0,0,0,0,0,0,0,0,0,0,0,0,0,0,0,0,0,0,0,0,0,0,0,
77,1,0,0,0,0,0,0,0,0,0,0,0,0,0,0,0,0,0,0,0,0,0,0,0,0,0,0,0,0,0,0,0,0,0,0,0,0,0,0,0,0,0,0,0,0,0,0,0,0,0,0,0,0,0,0,0,0,0,0,0,0,0,0,0,0,0,0,0,0,0,0,0,0,0,0,0,0,0,0,0,0,0,0,0,0,0,0,0,0,0,0,0,0,0,0,0,0,0,0,0,0,0,0,0,0,0,0,0,0,0,0,0,0,0,0,0,0,0,0,0,0,0,0,0,0,0,0,0,0,0,0,0,0,0,0,0,0,0,0,0,0,0,0,0,0,0,0,0,0,0,0,0,0,0,0,0,0,42,228,253,253,0,0,0,0,0,0,0,0,0,0,0,0,0,0,0,0,0,0,0,0,0,0,0,0,144,251,251,251,0,0,0,0,0,0,0,0,0,0,0,0,0,0,0,0,0,0,0,0,0,0,0,89,236,251,235,215,0,0,0,0,0,0,0,0,0,0,0,0,0,0,0,0,0,0,0,0,0,0,79,253,251,251,142,0,0,0,0,0,0,0,0,0,0,0,0,0,0,0,0,0,0,0,0,0,0,0,180,253,251,251,142,0,0,0,0,0,0,0,0,0,0,0,0,0,0,0,0,0,0,0,0,0,0,32,202,255,253,216,0,0,0,0,0,0,0,0,0,0,0,0,0,0,0,0,0,0,0,0,0,0,0,109,251,253,251,112,0,0,0,0,0,0,0,0,0,0,0,0,0,0,0,0,0,0,0,0,0,0,6,129,251,253,127,5,0,0,0,0,0,0,0,0,0,0,0,0,0,0,0,0,0,0,0,0,0,0,37,251,251,253,107,0,0,0,0,0,0,0,0,0,0,0,0,0,0,0,0,0,0,0,0,0,0,0,166,251,251,201,30,0,0,0,0,0,0,0,0,0,0,0,0,0,0,0,0,0,0,0,0,0,0,42,228,253,253,0,0,0,0,0,0,0,0,0,0,0,0,0,0,0,0,0,0,0,0,0,0,0,0,144,251,251,147,0,0,0,0,0,0,0,0,0,0,0,0,0,0,0,0,0,0,0,0,0,0,0,63,236,251,251,71,0,0,0,0,0,0,0,0,0,0,0,0,0,0,0,0,0,0,0,0,0,0,0,150,251,251,204,41,0,0,0,0,0,0,0,0,0,0,0,0,0,0,0,0,0,0,0,0,0,0,0,253,251,251,142,0,0,0,0,0,0,0,0,0,0,0,0,0,0,0,0,0,0,0,0,0,0,0,0,255,253,164,0,0,0,0,0,0,0,0,0,0,0,0,0,0,0,0,0,0,0,0,0,0,0,0,105,253,251,35,0,0,0,0,0,0,0,0,0,0,0,0,0,0,0,0,0,0,0,0,0,0,0,0,180,253,251,35,0,0,0,0,0,0,0,0,0,0,0,0,0,0,0,0,0,0,0,0,0,0,0,0,180,253,251,35,0,0,0,0,0,0,0,0,0,0,0,0,0,0,0,0,0,0,0,0,0,0,0,0,180,253,251,35,0,0,0,0,0,0,0,0,0,0,0,0,0,0,0,0,0,0,0,0,0,0,0,0,0,0,0,0,0,0,0,0,0,0,0,0,0,0,0,0,0,0,0,0,0,0,0,0,0,0,0,0,0,0,0,0,0,0,0,0,0,0,0,0,0,0,0,0,0,0,0,0,0,0,0,0,0,0,0,0,0,0,0,0,0,0,0,0,0,0,0,0,0,0,0,0,0,0,0,
78,1,0,0,0,0,0,0,0,0,0,0,0,0,0,0,0,0,0,0,0,0,0,0,0,0,0,0,0,0,0,0,0,0,0,0,0,0,0,0,0,0,0,0,0,0,0,0,0,0,0,0,0,0,0,0,0,0,0,0,0,0,0,0,0,0,0,0,0,0,0,0,0,0,0,0,0,0,0,0,0,0,0,0,0,0,0,0,0,0,0,0,0,0,0,0,0,0,0,0,0,0,0,0,0,0,0,0,0,0,0,0,0,0,0,0,0,0,0,0,0,0,0,0,0,0,0,0,0,62,254,213,0,0,0,0,0,0,0,0,0,0,0,0,0,0,0,0,0,0,0,0,0,0,0,0,0,102,253,252,102,20,0,0,0,0,0,0,0,0,0,0,0,0,0,0,0,0,0,0,0,0,0,0,0,102,254,253,254,50,0,0,0,0,0,0,0,0,0,0,0,0,0,0,0,0,0,0,0,0,0,0,0,102,253,252,253,50,0,0,0,0,0,0,0,0,0,0,0,0,0,0,0,0,0,0,0,0,0,0,0,102,254,253,254,50,0,0,0,0,0,0,0,0,0,0,0,0,0,0,0,0,0,0,0,0,0,0,0,142,253,252,253,50,0,0,0,0,0,0,0,0,0,0,0,0,0,0,0,0,0,0,0,0,0,0,51,253,254,253,224,20,0,0,0,0,0,0,0,0,0,0,0,0,0,0,0,0,0,0,0,0,0,0,132,252,253,252,162,0,0,0,0,0,0,0,0,0,0,0,0,0,0,0,0,0,0,0,0,0,0,0,173,253,254,253,102,0,0,0,0,0,0,0,0,0,0,0,0,0,0,0,0,0,0,0,0,0,0,82,253,252,253,252,61,0,0,0,0,0,0,0,0,0,0,0,0,0,0,0,0,0,0,0,0,0,0,203,254,253,254,233,0,0,0,0,0,0,0,0,0,0,0,0,0,0,0,0,0,0,0,0,0,0,41,243,253,252,253,111,0,0,0,0,0,0,0,0,0,0,0,0,0,0,0,0,0,0,0,0,0,0,132,253,254,253,203,0,0,0,0,0,0,0,0,0,0,0,0,0,0,0,0,0,0,0,0,0,0,41,253,252,253,252,40,0,0,0,0,0,0,0,0,0,0,0,0,0,0,0,0,0,0,0,0,0,11,213,254,253,254,151,0,0,0,0,0,0,0,0,0,0,0,0,0,0,0,0,0,0,0,0,0,0,92,252,253,252,192,50,0,0,0,0,0,0,0,0,0,0,0,0,0,0,0,0,0,0,0,0,0,21,214,253,255,253,41,0,0,0,0,0,0,0,0,0,0,0,0,0,0,0,0,0,0,0,0,0,0,142,253,252,253,171,0,0,0,0,0,0,0,0,0,0,0,0,0,0,0,0,0,0,0,0,0,0,113,253,255,253,203,40,0,0,0,0,0,0,0,0,0,0,0,0,0,0,0,0,0,0,0,0,0,0,30,131,233,111,0,0,0,0,0,0,0,0,0,0,0,0,0,0,0,0,0,0,0,0,0,0,0,0,0,0,0,0,0,0,0,0,0,0,0,0,0,0,0,0,0,0,0,0,0,0,0,0,0,0,0,0,0,0,0,0,0,0,0,0,0,0,0,0,0,0,0,0,0,0,0,0,0,0,0,0,0,0,0,0,0,0,0,0,0,0,0,0,0,0,0,0,0,0,0,0,0,0,0,0,0,0,0,0,0,0,0,0,0,0,0,0,0,0,0,0,0,0,0,0,0,0,0,0,0,0,0,0,
99,1,0,0,0,0,0,0,0,0,0,0,0,0,0,0,0,0,0,0,0,0,0,0,0,0,0,0,0,0,0,0,0,0,0,0,0,0,0,0,0,0,0,0,0,0,0,0,0,0,0,0,0,0,0,0,0,0,0,0,0,0,0,0,0,0,0,0,0,0,0,0,0,0,0,0,0,0,0,0,0,0,0,0,0,0,0,0,0,0,0,0,0,0,0,0,0,0,0,0,0,0,0,0,0,0,0,0,0,0,0,0,0,0,0,0,0,0,0,0,0,0,0,0,0,0,0,0,0,0,0,0,0,0,0,0,0,0,0,0,0,0,0,0,0,0,0,0,0,0,0,0,0,0,0,0,0,0,85,255,103,1,0,0,0,0,0,0,0,0,0,0,0,0,0,0,0,0,0,0,0,0,0,0,0,0,205,253,253,30,0,0,0,0,0,0,0,0,0,0,0,0,0,0,0,0,0,0,0,0,0,0,0,0,205,253,253,30,0,0,0,0,0,0,0,0,0,0,0,0,0,0,0,0,0,0,0,0,0,0,0,44,233,253,244,27,0,0,0,0,0,0,0,0,0,0,0,0,0,0,0,0,0,0,0,0,0,0,0,135,253,253,100,0,0,0,0,0,0,0,0,0,0,0,0,0,0,0,0,0,0,0,0,0,0,0,0,153,253,240,76,0,0,0,0,0,0,0,0,0,0,0,0,0,0,0,0,0,0,0,0,0,0,0,12,208,253,166,0,0,0,0,0,0,0,0,0,0,0,0,0,0,0,0,0,0,0,0,0,0,0,0,69,253,253,142,0,0,0,0,0,0,0,0,0,0,0,0,0,0,0,0,0,0,0,0,0,0,0,14,110,253,235,33,0,0,0,0,0,0,0,0,0,0,0,0,0,0,0,0,0,0,0,0,0,0,0,63,223,235,130,0,0,0,0,0,0,0,0,0,0,0,0,0,0,0,0,0,0,0,0,0,0,0,0,186,253,235,37,0,0,0,0,0,0,0,0,0,0,0,0,0,0,0,0,0,0,0,0,0,0,0,17,145,253,231,35,0,0,0,0,0,0,0,0,0,0,0,0,0,0,0,0,0,0,0,0,0,0,0,69,220,231,123,0,0,0,0,0,0,0,0,0,0,0,0,0,0,0,0,0,0,0,0,0,0,0,18,205,253,176,27,0,0,0,0,0,0,0,0,0,0,0,0,0,0,0,0,0,0,0,0,0,0,17,125,253,185,39,0,0,0,0,0,0,0,0,0,0,0,0,0,0,0,0,0,0,0,0,0,0,0,71,214,231,41,0,0,0,0,0,0,0,0,0,0,0,0,0,0,0,0,0,0,0,0,0,0,0,0,167,253,225,33,0,0,0,0,0,0,0,0,0,0,0,0,0,0,0,0,0,0,0,0,0,0,0,72,205,207,14,0,0,0,0,0,0,0,0,0,0,0,0,0,0,0,0,0,0,0,0,0,0,0,30,249,233,49,0,0,0,0,0,0,0,0,0,0,0,0,0,0,0,0,0,0,0,0,0,0,0,0,32,253,89,0,0,0,0,0,0,0,0,0,0,0,0,0,0,0,0,0,0,0,0,0,0,0,0,0,0,0,0,0,0,0,0,0,0,0,0,0,0,0,0,0,0,0,0,0,0,0,0,0,0,0,0,0,0,0,0,0,0,0,0,0,0,0,0,0,0,0,0,0,0,0,0,0,0,0,0,0,0,0,0,0,0,0,0,0,0,0,0,0,0,0,0,0,0,0,0,0,0,0,0,0,
10029,2,0,0,0,0,0,0,0,0,0,0,0,0,0,0,0,0,0,0,0,0,0,0,0,0,0,0,0,0,0,0,0,0,0,0,0,0,0,0,0,0,0,0,0,0,0,0,0,0,0,0,0,0,0,0,0,0,0,0,0,0,0,0,0,0,0,0,0,0,0,0,0,0,0,0,0,0,0,0,0,0,0,0,0,0,0,0,0,0,0,0,0,0,0,0,0,0,0,0,0,0,0,0,0,0,0,0,0,0,0,0,0,0,0,0,0,0,0,0,0,0,0,0,0,0,0,0,0,0,0,0,0,0,0,0,0,0,0,0,0,0,0,0,0,0,0,0,0,0,0,0,0,0,0,0,0,0,17,54,145,145,145,145,18,0,0,0,0,0,0,0,0,0,0,0,0,0,0,0,0,0,0,0,4,112,221,252,252,252,252,252,189,0,0,0,0,0,0,0,0,0,0,0,0,0,0,0,0,0,24,113,177,252,252,252,252,252,252,252,131,0,0,0,0,0,0,0,0,0,0,0,0,0,0,0,0,0,121,253,252,252,252,252,171,132,252,252,103,0,0,0,0,0,0,0,0,0,0,0,0,0,0,0,0,0,87,253,252,242,156,60,14,120,252,252,11,0,0,0,0,0,0,0,0,0,0,0,0,0,0,0,0,0,0,111,156,41,0,0,100,243,252,252,11,0,0,0,0,0,0,0,0,0,0,0,0,0,0,0,0,0,0,0,0,0,0,99,244,252,252,113,2,0,0,0,0,0,0,0,0,0,0,0,0,0,0,0,0,0,0,0,0,0,44,246,252,252,210,14,0,0,0,0,0,0,0,0,0,0,0,0,0,0,0,0,0,0,0,0,0,150,243,252,252,212,24,0,0,0,0,0,0,0,0,0,0,0,0,0,0,0,0,5,13,122,190,255,253,253,253,253,209,23,0,0,0,0,0,0,0,0,0,0,0,0,0,0,0,0,19,158,252,252,252,253,252,252,252,252,135,5,0,0,0,0,0,0,0,0,0,0,0,0,0,0,7,66,230,252,252,252,252,253,252,247,216,242,252,123,0,0,0,0,0,0,0,0,0,0,0,0,0,48,185,252,252,252,252,252,252,253,224,118,0,60,212,224,24,0,0,0,0,0,0,0,0,0,0,3,72,225,252,252,252,252,252,252,252,187,31,0,0,0,164,252,122,0,0,0,0,0,0,0,0,0,0,105,252,252,252,252,252,252,252,186,65,0,0,0,0,0,18,181,229,193,135,0,0,0,0,0,0,0,0,190,252,252,252,252,252,224,122,5,0,0,0,0,0,0,0,85,252,252,252,0,0,0,0,0,0,0,0,87,252,252,252,229,122,24,0,0,0,0,0,0,0,0,0,12,36,36,36,0,0,0,0,0,0,0,0,7,143,127,23,18,0,0,0,0,0,0,0,0,0,0,0,0,0,0,0,0,0,0,0,0,0,0,0,0,0,0,0,0,0,0,0,0,0,0,0,0,0,0,0,0,0,0,0,0,0,0,0,0,0,0,0,0,0,0,0,0,0,0,0,0,0,0,0,0,0,0,0,0,0,0,0,0,0,0,0,0,0,0,0,0,0,0,0,0,0,0,0,0,0,0,0,0,0,0,0,0,0,0,0,0,0,0,0,0,0,0,0,0,0,0,0,0,0,0,0,0,0,0,0,0,0,0,0,0,0,0,0,0,0,0,0,0,0,0,0,0,0,0,0,0,0,0,0,0,0,0,0,0,0,0,0,0,0,0,0,0,0,0,0,0,
1010,2,0,0,0,0,0,0,0,0,0,0,0,0,0,0,0,0,0,0,0,0,0,0,0,0,0,0,0,0,0,0,0,0,0,0,0,0,0,0,0,0,0,0,0,0,0,0,0,0,0,0,0,0,0,0,0,0,0,0,0,0,0,0,0,0,0,0,0,0,0,0,0,0,0,0,0,0,0,0,0,0,0,0,0,0,0,0,0,0,0,0,0,0,0,0,0,84,194,255,233,96,96,36,0,0,0,0,0,0,0,0,0,0,0,0,0,0,0,0,0,0,0,0,0,221,251,253,251,251,251,212,131,8,0,0,0,0,0,0,0,0,0,0,0,0,0,0,0,0,0,0,0,221,251,253,251,251,251,251,253,157,63,0,0,0,0,0,0,0,0,0,0,0,0,0,0,0,0,0,0,181,251,253,204,188,244,251,253,251,156,8,0,0,0,0,0,0,0,0,0,0,0,0,0,0,0,0,0,24,193,253,161,0,123,251,253,251,251,129,0,0,0,0,0,0,0,0,0,0,0,0,0,0,0,0,0,0,0,60,150,48,0,0,195,253,253,213,36,0,0,0,0,0,0,0,0,0,0,0,0,0,0,0,0,0,0,0,8,31,0,0,96,251,251,251,94,0,0,0,0,0,0,0,0,0,0,0,0,0,0,0,0,0,0,0,0,0,0,0,96,251,251,251,94,0,0,0,0,0,0,0,0,0,0,0,0,0,0,0,0,0,0,0,0,0,0,0,96,251,251,251,94,0,0,0,0,0,0,0,0,0,0,0,0,0,0,0,0,0,0,0,0,0,0,0,96,251,251,211,35,0,0,0,0,0,0,0,0,0,0,0,0,0,0,0,0,0,0,0,0,0,0,0,155,253,253,189,0,0,0,0,0,0,0,0,0,0,0,0,0,0,0,0,0,0,0,0,0,0,0,20,253,251,235,66,0,0,0,0,0,0,0,0,0,0,0,0,0,0,0,0,0,0,0,0,0,0,32,205,253,251,126,0,0,0,0,0,0,0,0,0,0,0,0,0,0,0,0,0,0,0,0,0,0,32,210,251,253,243,94,0,0,0,0,0,0,0,0,0,0,0,0,0,0,100,159,158,79,0,0,0,120,205,251,251,253,121,0,0,0,0,0,0,0,0,0,0,0,36,115,253,253,253,255,253,253,253,253,255,253,253,253,253,255,233,96,72,0,0,0,0,0,0,0,0,0,115,251,251,251,251,253,251,251,251,251,253,251,251,251,251,253,251,251,236,190,0,0,0,0,0,0,0,0,253,251,251,251,251,253,251,251,251,251,253,251,188,126,126,173,251,188,126,126,0,0,0,0,0,0,0,0,114,251,251,251,251,253,251,251,251,251,189,69,15,0,0,12,31,15,0,0,0,0,0,0,0,0,0,0,36,212,251,251,251,253,251,251,113,94,0,0,0,0,0,0,0,0,0,0,0,0,0,0,0,0,0,0,0,0,0,0,0,0,0,0,0,0,0,0,0,0,0,0,0,0,0,0,0,0,0,0,0,0,0,0,0,0,0,0,0,0,0,0,0,0,0,0,0,0,0,0,0,0,0,0,0,0,0,0,0,0,0,0,0,0,0,0,0,0,0,0,0,0,0,0,0,0,0,0,0,0,0,0,0,0,0,0,0,0,0,0,0,0,0,0,0,0,0,0,0,0,0,0,0,0,0,0,0,0,0,0,0,0,0,0,0,0,0,0,0,0,0,0,0,0,0,0,0,0,0,0,0,0,0,0,0,0,0,0,0,0,0,0,0,
10127,2,0,0,0,0,0,0,0,0,0,0,0,0,0,0,0,0,0,0,0,0,0,0,0,0,0,0,0,0,0,0,0,0,0,0,0,0,0,0,0,0,0,0,0,0,0,0,0,0,0,0,0,0,0,0,0,0,0,0,0,0,0,0,0,0,0,0,0,0,0,0,0,0,0,0,0,0,0,0,0,0,0,0,0,0,0,0,0,0,0,0,0,0,0,0,0,0,0,0,0,0,0,0,0,0,0,0,0,0,0,0,0,0,0,0,0,0,0,0,0,0,0,0,0,0,0,0,0,0,0,0,0,0,0,0,0,0,0,0,0,0,0,0,0,0,0,0,0,0,0,0,0,0,0,0,0,0,0,0,0,0,0,0,0,0,0,0,0,0,0,0,0,0,0,0,0,0,0,0,0,7,128,151,236,237,236,215,67,0,0,0,0,0,0,0,0,0,0,0,0,0,0,0,0,0,0,0,38,212,253,253,216,201,176,164,233,49,0,0,0,0,0,0,0,0,0,0,0,0,0,0,0,0,0,0,72,244,219,142,11,0,0,0,227,122,0,0,0,0,0,0,0,0,0,0,0,0,0,0,0,0,0,0,0,35,11,0,0,0,0,9,231,122,0,0,0,0,0,0,0,0,0,0,0,0,0,0,0,0,0,0,0,0,0,0,0,0,0,101,253,83,0,0,0,0,0,0,0,0,0,0,0,0,0,0,0,0,0,0,0,0,0,0,0,0,36,222,249,32,0,0,0,0,0,0,0,0,0,0,0,0,0,0,0,0,0,0,0,0,0,0,0,3,191,253,133,0,0,0,0,0,0,0,0,0,0,0,0,0,0,0,0,0,0,0,0,0,0,0,0,169,253,180,8,0,0,0,0,0,0,0,0,0,0,0,0,0,0,0,0,20,98,166,178,254,187,166,196,255,180,6,0,0,0,0,0,0,0,0,0,0,0,0,0,0,0,0,123,241,253,253,253,253,253,253,253,254,169,29,0,0,0,0,0,0,0,0,0,0,0,0,0,0,0,146,252,238,143,59,111,235,253,229,131,162,208,222,67,0,0,0,0,0,0,0,0,0,0,0,0,0,0,254,253,195,140,216,248,253,146,40,0,0,8,189,239,107,9,0,0,0,0,0,0,0,0,0,0,0,0,193,253,253,253,245,197,83,9,0,0,0,0,21,170,253,224,110,26,0,0,0,0,0,0,0,0,0,0,14,128,130,113,36,0,0,0,0,0,0,0,0,9,133,235,253,235,114,11,0,0,0,0,0,0,0,0,0,0,0,0,0,0,0,0,0,0,0,0,0,0,0,26,130,228,253,147,0,0,0,0,0,0,0,0,0,0,0,0,0,0,0,0,0,0,0,0,0,0,0,0,0,5,94,128,0,0,0,0,0,0,0,0,0,0,0,0,0,0,0,0,0,0,0,0,0,0,0,0,0,0,0,0,0,0,0,0,0,0,0,0,0,0,0,0,0,0,0,0,0,0,0,0,0,0,0,0,0,0,0,0,0,0,0,0,0,0,0,0,0,0,0,0,0,0,0,0,0,0,0,0,0,0,0,0,0,0,0,0,0,0,0,0,0,0,0,0,0,0,0,0,0,0,0,0,0,0,0,0,0,0,0,0,0,0,0,0,0,0,0,0,0,0,0,0,0,0,0,0,0,0,0,0,0,0,0,0,0,0,0,0,0,0,0,0,0,0,0,0,0,0,0,0,0,0,0,0,0,0,0,0,0,0,0,0,0,0,0,0,0,0,0,0,0,0,0,
10130,2,0,0,0,0,0,0,0,0,0,0,0,0,0,0,0,0,0,0,0,0,0,0,0,0,0,0,0,0,0,0,0,0,0,0,0,0,0,0,0,0,0,0,0,0,0,0,0,0,0,0,0,0,0,0,0,0,0,0,0,0,0,0,0,0,0,0,0,0,0,0,0,0,0,0,0,0,0,0,0,0,0,0,0,0,0,0,0,0,0,0,0,0,0,27,99,182,189,182,130,27,0,0,0,0,0,0,0,0,0,0,0,0,0,0,0,0,0,0,0,0,17,242,254,241,198,202,253,242,183,21,0,0,0,0,0,0,0,0,0,0,0,0,0,0,0,0,0,0,3,68,127,67,0,3,36,152,250,209,27,0,0,0,0,0,0,0,0,0,0,0,0,0,0,0,0,0,0,0,0,0,0,0,0,0,153,244,204,38,0,0,0,0,0,0,0,0,0,0,0,0,0,0,0,0,0,0,0,0,0,0,0,0,0,128,253,162,0,0,0,0,0,0,0,0,0,0,0,0,0,0,0,0,0,0,0,0,0,0,0,0,0,69,254,163,0,0,0,0,0,0,0,0,0,0,0,0,0,0,0,0,0,0,0,0,0,0,0,0,0,3,203,247,53,0,0,0,0,0,0,0,0,0,0,0,0,0,0,0,0,0,0,0,0,0,0,0,0,0,154,253,104,0,0,0,0,0,0,0,0,0,0,0,0,0,0,0,0,0,0,0,0,0,0,0,0,0,180,253,181,0,0,0,0,0,0,0,0,0,0,0,0,0,0,0,0,0,0,0,0,0,0,0,0,0,199,253,181,0,0,0,0,0,0,0,0,0,0,0,0,0,0,0,0,0,0,0,0,0,0,0,0,63,254,254,92,0,0,0,0,0,0,0,0,0,0,0,0,0,0,0,0,0,0,0,0,0,0,0,0,128,253,233,7,0,0,0,0,0,0,0,0,0,0,0,0,0,0,0,0,0,37,56,128,198,217,160,128,222,253,175,0,0,0,0,0,0,0,0,0,0,0,0,0,0,0,3,64,199,254,253,250,235,202,247,253,253,253,253,174,109,25,11,0,0,0,0,0,0,0,0,0,0,20,179,253,253,195,78,62,0,0,195,253,253,175,105,98,214,194,209,0,0,0,0,0,0,0,0,0,0,114,254,248,148,0,0,0,32,170,255,254,133,0,0,0,0,0,0,0,0,0,0,0,0,0,0,0,42,239,253,163,0,0,0,60,224,253,238,63,3,0,0,0,0,0,0,0,0,0,0,0,0,0,0,0,73,253,253,80,27,128,179,248,250,184,58,0,0,0,0,0,0,0,0,0,0,0,0,0,0,0,0,0,42,239,253,249,238,254,246,192,69,0,0,0,0,0,0,0,0,0,0,0,0,0,0,0,0,0,0,0,0,42,149,168,188,105,46,11,0,0,0,0,0,0,0,0,0,0,0,0,0,0,0,0,0,0,0,0,0,0,0,0,0,0,0,0,0,0,0,0,0,0,0,0,0,0,0,0,0,0,0,0,0,0,0,0,0,0,0,0,0,0,0,0,0,0,0,0,0,0,0,0,0,0,0,0,0,0,0,0,0,0,0,0,0,0,0,0,0,0,0,0,0,0,0,0,0,0,0,0,0,0,0,0,0,0,0,0,0,0,0,0,0,0,0,0,0,0,0,0,0,0,0,0,0,0,0,0,0,0,0,0,0,0,0,0,0,0,0,0,0,0,0,0,0,0,0,0,0,0,0,0,0,0,0,0,0,0,0,0,0,0,0,
109,2,0,0,0,0,0,0,0,0,0,0,0,0,0,0,0,0,0,0,0,0,0,0,0,0,0,0,0,0,0,0,0,0,0,0,0,0,0,0,0,0,0,0,0,0,0,0,0,0,0,0,0,0,0,0,0,0,0,0,0,0,0,0,0,0,0,0,0,0,0,0,0,0,0,0,0,0,0,0,0,0,0,0,0,0,0,0,0,0,0,0,0,0,0,0,0,0,0,0,0,0,0,0,0,0,0,0,0,0,0,0,0,0,0,0,0,0,0,0,0,0,0,0,0,0,0,0,0,0,0,0,0,0,0,0,0,0,0,0,0,0,0,0,0,0,0,0,0,0,0,0,0,0,0,0,0,0,0,0,0,0,0,0,0,0,0,0,0,0,0,0,0,0,0,0,0,0,0,41,152,152,152,86,29,0,0,0,0,0,0,0,0,0,0,0,0,0,0,0,0,0,0,0,0,64,190,247,254,254,254,254,233,51,0,0,0,0,0,0,0,0,0,0,0,0,0,0,0,0,0,0,0,233,244,195,135,216,244,254,254,37,0,0,0,0,0,0,0,0,0,0,0,0,0,0,0,0,0,0,0,0,0,0,0,0,11,254,254,129,0,0,0,0,0,0,0,0,0,0,0,0,0,0,0,0,0,0,0,0,0,0,0,0,3,180,254,213,0,0,0,0,0,0,0,0,0,0,0,0,0,0,0,0,0,0,0,0,0,0,0,6,119,247,254,131,0,0,0,0,0,0,0,0,0,0,0,0,0,0,0,0,0,0,0,0,0,2,74,192,254,244,163,8,0,0,0,0,0,0,0,0,0,0,0,0,0,0,0,0,0,0,0,0,28,142,254,254,251,85,0,0,0,0,0,0,0,0,0,0,0,0,0,0,0,0,0,0,0,0,0,4,184,254,233,151,26,0,0,0,0,0,0,0,0,0,0,0,13,22,13,0,0,0,0,0,0,0,0,64,254,249,0,0,0,0,0,0,0,0,0,40,60,72,168,168,216,254,218,0,0,0,0,0,0,0,0,147,254,253,141,67,0,0,76,99,167,207,207,238,254,254,254,254,254,227,111,0,0,0,0,0,0,0,0,6,187,254,254,251,245,245,252,254,254,254,254,248,227,227,153,119,59,8,0,0,0,0,0,0,0,0,0,0,59,129,228,254,254,254,254,254,213,189,88,62,0,0,0,0,0,0,0,0,0,0,0,0,0,0,0,0,0,0,26,124,151,151,151,144,16,0,0,0,0,0,0,0,0,0,0,0,0,0,0,0,0,0,0,0,0,0,0,0,0,0,0,0,0,0,0,0,0,0,0,0,0,0,0,0,0,0,0,0,0,0,0,0,0,0,0,0,0,0,0,0,0,0,0,0,0,0,0,0,0,0,0,0,0,0,0,0,0,0,0,0,0,0,0,0,0,0,0,0,0,0,0,0,0,0,0,0,0,0,0,0,0,0,0,0,0,0,0,0,0,0,0,0,0,0,0,0,0,0,0,0,0,0,0,0,0,0,0,0,0,0,0,0,0,0,0,0,0,0,0,0,0,0,0,0,0,0,0,0,0,0,0,0,0,0,0,0,0,0,0,0,0,0,0,0,0,0,0,0,0,0,0,0,0,0,0,0,0,0,0,0,0,0,0,0,0,0,0,0,0,0,0,0,0,0,0,0,0,0,0,0,0,0,0,0,0,0,0,0,0,0,0,0,0,0,0,0,0,0,0,0,0,0,0,0,0,0,0,0,0,0,0,0,0,0,0,0,0,0,0,0,
1096,2,0,0,0,0,0,0,0,0,0,0,0,0,0,0,0,0,0,0,0,0,0,0,0,0,0,0,0,0,0,0,0,0,0,0,0,0,0,0,0,0,0,0,0,0,0,0,0,0,0,0,0,0,0,0,0,0,0,0,0,0,0,0,0,0,0,0,0,0,0,0,0,128,255,64,0,0,0,0,0,0,0,0,0,0,0,0,0,0,0,0,0,0,0,0,0,0,0,0,0,191,255,255,64,0,0,0,0,0,0,0,0,0,0,0,0,0,0,0,0,0,0,0,0,0,0,0,0,128,255,255,191,0,0,0,0,0,0,0,0,0,0,0,0,0,0,0,0,0,0,0,0,0,0,0,0,128,255,255,255,191,0,0,0,0,0,0,0,0,0,0,0,0,0,0,0,0,0,0,0,0,0,0,0,0,191,255,255,255,191,0,0,0,0,0,0,0,0,0,0,0,0,0,0,0,0,0,0,0,0,0,0,0,0,255,255,255,255,64,0,0,0,0,0,0,0,0,0,0,0,0,0,0,0,0,0,0,0,0,0,0,0,191,255,255,255,64,0,0,0,0,0,0,0,0,0,0,0,0,0,0,0,0,0,0,0,0,0,0,0,191,255,255,191,0,0,0,0,0,0,0,0,0,0,0,0,0,0,0,0,0,0,0,0,0,0,0,64,255,255,255,64,0,0,0,0,0,0,0,0,0,0,0,0,0,0,0,0,0,0,0,0,0,0,64,255,255,255,255,0,0,0,0,0,0,0,0,0,0,0,0,0,0,0,0,0,0,0,0,0,64,191,255,255,255,191,0,0,0,0,0,0,0,0,0,0,0,0,0,0,0,0,0,0,0,0,128,191,255,255,255,255,255,64,0,0,0,0,0,0,0,0,0,0,0,0,0,0,0,0,0,0,64,128,255,255,255,255,255,255,64,0,0,0,0,0,0,0,0,0,0,0,0,0,0,0,0,64,128,128,255,255,255,255,255,255,64,0,0,0,0,0,0,0,0,0,0,0,0,0,0,0,0,0,128,255,255,255,255,255,255,255,255,0,0,0,0,0,0,0,128,255,255,0,0,0,0,0,0,0,0,128,255,255,255,255,255,255,255,191,128,128,128,128,128,128,191,255,255,255,128,0,0,0,0,0,0,0,0,255,255,255,255,255,255,255,255,255,255,255,255,255,255,255,255,255,255,191,0,0,0,0,0,0,0,0,0,64,191,255,255,255,255,255,255,255,255,255,255,255,255,255,255,255,191,0,0,0,0,0,0,0,0,0,0,0,0,0,64,64,128,191,128,255,255,255,255,255,191,128,128,64,0,0,0,0,0,0,0,0,0,0,0,0,0,0,0,0,0,0,0,0,0,64,128,64,0,0,0,0,0,0,0,0,0,0,0,0,0,0,0,0,0,0,0,0,0,0,0,0,0,0,0,0,0,0,0,0,0,0,0,0,0,0,0,0,0,0,0,0,0,0,0,0,0,0,0,0,0,0,0,0,0,0,0,0,0,0,0,0,0,0,0,0,0,0,0,0,0,0,0,0,0,0,0,0,0,0,0,0,0,0,0,0,0,0,0,0,0,0,0,0,0,0,0,0,0,0,0,0,0,0,0,0,0,0,0,0,0,0,0,0,0,0,0,0,0,0,0,0,0,0,0,0,0,0,0,0,0,0,0,0,0,0,0,0,0,0,0,0,0,0,0,0,0,0,0,0,0,0,0,0,0,0,0,0,0,0,0,0,0,0,0,0,0,0,0,0,0,0,0,0,0,0,0,
